[
  {
    "Id": "290903",
    "ThreadId": "85401",
    "Html": "<p>HI, first I have to say that I'm new to this . How can I import DIALOG, TEXTFILE, AVI .... by using Anolis Packager ? Looklike only BITMAP, ICONGROUP could be imported.&nbsp;</p>",
    "PostedDate": "2010-02-15T09:23:53.723-08:00",
    "UserRole": null,
    "MarkedAsAnswerDate": null
  },
  {
    "Id": "290931",
    "ThreadId": "85401",
    "Html": "<p>In your package's XML file just specify the type:</p>\r\n<p>For example, this is from xpize:</p>\r\n<pre style=\"border:1px solid black\">&nbsp;&nbsp;&nbsp; &nbsp;&nbsp;&nbsp;&nbsp; &lt;patch path=&quot;%windir%\\system32\\sysdm.cpl&quot;&gt;<br>&nbsp;&nbsp; &nbsp;&nbsp;&nbsp; &nbsp;&nbsp;&nbsp; &nbsp;&nbsp;&nbsp; &nbsp;&lt;res type=&quot;bitmap&quot; name=&quot;1&quot;&nbsp;&nbsp; src=&quot;Base\\Windows\\system32\\sysdm.cpl\\1.bmp&quot; /&gt;<br>&nbsp;&nbsp; &nbsp;&nbsp;&nbsp; &nbsp;&nbsp;&nbsp; &nbsp;&nbsp;&nbsp; &nbsp;&lt;res type=&quot;icon&quot;&nbsp;&nbsp; name=&quot;1&quot;&nbsp;&nbsp; src=&quot;Base\\Windows\\system32\\sysdm.cpl\\1.ico&quot; /&gt;<br>&nbsp;&nbsp; &nbsp;&nbsp;&nbsp; &nbsp;&nbsp;&nbsp; &nbsp;&nbsp;&nbsp; &nbsp;&lt;res type=&quot;icon&quot;&nbsp;&nbsp; name=&quot;3&quot;&nbsp;&nbsp; src=&quot;Base\\Windows\\system32\\sysdm.cpl\\3.ico&quot; /&gt;<br>&nbsp;&nbsp; &nbsp;&nbsp;&nbsp; &nbsp;&nbsp;&nbsp; &nbsp;&nbsp;&nbsp; &nbsp;<br>&nbsp;&nbsp; &nbsp;&nbsp;&nbsp; &nbsp;&nbsp;&nbsp; &nbsp;&nbsp;&nbsp; &nbsp;&lt;res type=&quot;dialog&quot; name=&quot;112&quot; lang=&quot;1033&quot; src=&quot;Base\\Windows\\system32\\sysdm.cpl\\112-1033.dialog&quot; /&gt;<br>&nbsp;&nbsp; &nbsp;&nbsp;&nbsp; &nbsp;&nbsp;&nbsp; &nbsp;&nbsp;&nbsp; &nbsp;&lt;res type=&quot;dialog&quot; name=&quot;112&quot; lang=&quot;1046&quot; src=&quot;Base\\Windows\\system32\\sysdm.cpl\\112-2070.dialog&quot; /&gt;<br>&nbsp;&nbsp; &nbsp;&nbsp;&nbsp; &nbsp;&nbsp;&nbsp; &nbsp;&nbsp;&nbsp; &nbsp;&lt;res type=&quot;dialog&quot; name=&quot;112&quot; lang=&quot;2070&quot; src=&quot;Base\\Windows\\system32\\sysdm.cpl\\112-2070.dialog&quot; /&gt;<br>&nbsp;&nbsp; &nbsp;&nbsp;&nbsp; &nbsp;&nbsp;&nbsp; &nbsp;&lt;/patch&gt;</pre>\r\n<p>Here is how the type=&quot;&quot; attribute is interpreted:</p>\r\n<p>If it's an integer number, it's assumed to be the numeric representation of a Win32 ResourceType (e.g. Accelerator is 9, Version is 16, and so on). These numbers can start with 0x to unambiguously represent a number in hexadecimal base.</p>\r\n<p>If it's an exact match to the Win32 resource type names then that's used.</p>\r\n<p>If it matches a ResHacker-style name (one of: &quot;ICON&quot;, &quot;ICONDIR&quot;, &quot;ICONGROUP&quot;, &quot;CURSOR&quot;, &quot;CURSORDIR&quot;, &quot;CURSORGROUP&quot;, &quot;BMP&quot;) then these map to IconDirectory, CursorDirectory, and Bitmap respectively.</p>\r\n<p>Finally, if it doesn't match anything it's assumed to be a string resource type identifier.</p>\r\n<p>If you start the identifier with the &quot; character (you'll have to encode it using &amp;quot; then it will always interpret it as a string identifier even if it matches a Win32 resource type name.</p>\r\n<p>HTH.</p>",
    "PostedDate": "2010-02-15T10:07:01.347-08:00",
    "UserRole": null,
    "MarkedAsAnswerDate": null
  },
  {
    "Id": "291261",
    "ThreadId": "85401",
    "Html": "<p>thanks. I didn't know it matches ResHacker-style name.</p>",
    "PostedDate": "2010-02-16T07:49:58.147-08:00",
    "UserRole": null,
    "MarkedAsAnswerDate": null
  },
  {
    "Id": "291271",
    "ThreadId": "85401",
    "Html": "<p>so if I want to import a STRING TABLE, I have to type:</p>\r\n<pre style=\"font-size:1em;font-family:Consolas, 'Courier New', Courier, monospace;border:1px solid black\">&lt;res type=&quot;string&quot; name=&quot;1&quot; lang=&quot;1033&quot; src=&quot;Base\\Windows\\system32\\sysdm.cpl\\1-1033.rc&quot; /&gt;</pre>",
    "PostedDate": "2010-02-16T08:11:46.39-08:00",
    "UserRole": null,
    "MarkedAsAnswerDate": null
  },
  {
    "Id": "291302",
    "ThreadId": "85401",
    "Html": "<p>No, that won't work. Reshacker-style names are only supported for the types I explicitly listed above.</p>\r\n<p>&nbsp;</p>\r\n<p>Also, Anolis doesn't support transplanting resources from one ResourceSource to another (i.e. you cannot extract from an RC and place into an EXE in a single go).</p>\r\n<p>You must extract the raw bytes of the string table resource first and put them into a separate file.</p>\r\n<p>&nbsp;</p>\r\n<pre style=\"border:1px solid black;font-size:1em;font-family:Consolas,'Courier New',Courier,monospace\">&lt;res type=&quot;StringTable&quot; name=&quot;1&quot; lang=&quot;1033&quot; src=&quot;Base\\Windows\\system32\\sysdm.cpl\\1-1033.strings&quot; /&gt;</pre>",
    "PostedDate": "2010-02-16T09:15:10.537-08:00",
    "UserRole": null,
    "MarkedAsAnswerDate": null
  }
]