[
  {
    "Id": "491744",
    "ThreadId": "226755",
    "Html": "<p>The method Anolis.Resourcer.CommandLine.BatchProcess.ProcessFile() does not call Dispose() on ResourceSource source, and after processing many files, LoadLibraryEx starts to throw Win32 errors &quot;Not enough storage is available to process this command&quot;, and many resources are not extracted.</p>\r\n<p>I found this bug because I wanted to export all the graphical resources of the Windows directory, but most resources were missing.</p>\r\n<p>I added source.Dispose() at the end of ProcessFile() and now it works correctly.</p>\r\n<p>&nbsp;</p>\r\n<p>&nbsp;</p>\r\n<p>&nbsp;</p>",
    "PostedDate": "2010-09-10T05:37:36.42-07:00",
    "UserRole": null,
    "MarkedAsAnswerDate": null
  },
  {
    "Id": "493072",
    "ThreadId": "226755",
    "Html": "<p>Hey there,</p>\r\n<p>Thanks for the update, I'll add it to the list of fixes in the next release (when I get round to it, heh).</p>",
    "PostedDate": "2010-09-13T17:13:02.9-07:00",
    "UserRole": null,
    "MarkedAsAnswerDate": null
  },
  {
    "Id": "541004",
    "ThreadId": "226755",
    "Html": "\r\n<p>Okay, I've fixed this in my local source code collection. I'll make a commit later this week as well as a new binary release.</p>\r\n",
    "PostedDate": "2010-12-27T16:36:51.027-08:00",
    "UserRole": null,
    "MarkedAsAnswerDate": null
  }
]