[
  {
    "Id": "232738",
    "ThreadId": "68429",
    "Html": "<p>How to fix this? I did not see any source for the W3b.TarLzma in the source code.</p>",
    "PostedDate": "2009-09-09T09:13:16.167-07:00",
    "UserRole": null,
    "MarkedAsAnswerDate": null
  },
  {
    "Id": "233549",
    "ThreadId": "68429",
    "Html": "<p>The W3b.TarLzma library is only included as a binary since its source-code is unrelated to Anolis. However it seems I haven't commited the latest version of the W3b.TarLzma library that contains the recent changes I made to how progress is reported.</p>\r\n<p>I won't be able to upload a fix for another week. Sorry.</p>",
    "PostedDate": "2009-09-11T05:45:19.823-07:00",
    "UserRole": null,
    "MarkedAsAnswerDate": null
  }
]