[
  {
    "Id": "266939",
    "ThreadId": "78053",
    "Html": "<p>I can't view the resources in Control Panel MUI files. e.g. timedate.cpl.mui&nbsp;</p>",
    "PostedDate": "2009-12-14T02:24:50.313-08:00",
    "UserRole": null,
    "MarkedAsAnswerDate": null
  },
  {
    "Id": "267143",
    "ThreadId": "78053",
    "Html": "<p>I'm afraid I'll need more information.</p>\r\n<p>Which OS? Where was the MUI file located? etc etc.</p>",
    "PostedDate": "2009-12-14T09:51:42.19-08:00",
    "UserRole": null,
    "MarkedAsAnswerDate": null
  },
  {
    "Id": "267171",
    "ThreadId": "78053",
    "Html": "<p>Windows 7 32-bit. Opening&nbsp;Timedate.cpl.mui file in %windir%\\system32\\en-us\\. I want to add a bitmap resource to the Time Zone dialog.</p>",
    "PostedDate": "2009-12-14T10:39:42.647-08:00",
    "UserRole": null,
    "MarkedAsAnswerDate": null
  },
  {
    "Id": "267197",
    "ThreadId": "78053",
    "Html": "<p>Non-localisable (aka &quot;Language Neutral&quot; or LN) resources go in the original *.exe, cpl, or DLL file, it's only string tables, menus, and dialogs that go in the MUI.</p>\r\n<p>Resourcer doesn't support editing dialog resources, just vieing them (and looking at their control tree) so I assume you're using a different program to edit the dialog itself?</p>",
    "PostedDate": "2009-12-14T11:16:13.803-08:00",
    "UserRole": null,
    "MarkedAsAnswerDate": null
  },
  {
    "Id": "267202",
    "ThreadId": "78053",
    "Html": "<p>I was not aware of that. Dialog editing should be a fundamental ability. What other resource editors (commercial or free) support dialog editing?</p>",
    "PostedDate": "2009-12-14T11:18:21.4-08:00",
    "UserRole": null,
    "MarkedAsAnswerDate": null
  },
  {
    "Id": "267215",
    "ThreadId": "78053",
    "Html": "<p>It's a feature that's forthcoming in a future version, you'll notice Resourcer is still marked as being pre-1.0.</p>\r\n<p>I personally use Visual Studio's dialog editor, but ResHacker and XNResourceEditor have them too.</p>\r\n<p>&nbsp;</p>",
    "PostedDate": "2009-12-14T11:36:51-08:00",
    "UserRole": null,
    "MarkedAsAnswerDate": null
  }
]