[
  {
    "Id": "282566",
    "ThreadId": "82255",
    "Html": "<p>I've fired up the source on my desktop and working on it again.</p>\r\n<p>Here are the changes I've made so far:</p>\r\n<ul>\r\n<li>Added a Find / Find Next feature (someone requested this, but I don't know where). It can search both resource names and resource content (using UTF-8 and UTF-16 encoding) with match-case as an option.</li>\r\n<li>Added a &quot;Next&quot; button, which jumps to the next resource in the tree (which is useful for casual browsing)</li>\r\n<li>I've created some better 32x32 icons for String Tables and Version resources, no more pixel-doubling</li>\r\n<li>I've got a friend working on an improved image viewer that should display centered and oversized images correctly</li>\r\n</ul>\r\n<p>I'm aware of Resourcer's toolbar ugliness on Windows 7, so I'll add an option to change the appearance to something less horrible.</p>\r\n<p>Besides the bugs and feature requests already reported, does anyone have any suggestions?</p>",
    "PostedDate": "2010-01-27T18:43:08.37-08:00",
    "UserRole": null,
    "MarkedAsAnswerDate": null
  }
]