[
  {
    "Id": "994271",
    "ThreadId": "431445",
    "Html": "\r\n<p>Hi guys,</p>\r\n<p>I'm sad that there hasn't been much activity here&nbsp;recently! This is an awesome project--keep it up!</p>\r\n<p>I have been scouring the web trying to find any implementations of reading a file's version out of its PE header. Everyone &quot;cheats&quot; and uses Win32 calls to pull this resource out. The&nbsp;first example I found that did what I was looking for was\r\n here:</p>\r\n<p><a href=\"http://stackoverflow.com/questions/12396665/c-library-to-read-exe-version-from-linux\" target=\"_blank\">&#65279;&#65279;&#65279;&#65279;http://stackoverflow.com/questions/12396665/c-library-to-read-exe-version-from-linux</a></p>\r\n<p>Unfortunately, it is not strongly typed and it is in C&#43;&#43;. But it was enough to get me started porting it to C#. Of course&nbsp;AFTER I had a working implementation, I ran across this project which does the exact thing I am looking for. As I was investigating\r\n your implementation of populating the version information struct&nbsp;(VersionResourceData.RecurseItem), I noticed that the VersionItem.Type is not used to determine if the version resource contains text or binary data, as described in&nbsp;the documentation\r\n for&nbsp;the VS_VERSIONINFO.wType:</p>\r\n<p><a href=\"http://msdn.microsoft.com/en-us/library/windows/desktop/ms647001(v=vs.85).aspx\" target=\"_blank\">http://msdn.microsoft.com/en-us/library/windows/desktop/ms647001(v=vs.85).aspx</a></p>\r\n<p>The C&#43;&#43; code I started with did branch on this property, but I can't figure out if that is necessary or not. Does anyone know the answer to this? Thanks guys!</p>\r\n<p>-Mike</p>\r\n",
    "PostedDate": "2013-01-30T10:39:44.243-08:00",
    "UserRole": null,
    "MarkedAsAnswerDate": null
  }
]