[
  {
    "Id": "57400",
    "Title": "Command line interface?",
    "LatestDate": "2009-09-01T07:35:15.64-07:00"
  },
  {
    "Id": "68429",
    "Title": "Missing: ProcessComplete and ProcessTotal from W3b.TarLzma.ProgressEventArgs",
    "LatestDate": "2009-09-11T05:45:19.823-07:00"
  },
  {
    "Id": "68721",
    "Title": "Request for .res file support in command-line",
    "LatestDate": "2009-09-11T22:46:00.297-07:00"
  },
  {
    "Id": "69023",
    "Title": "Save as...",
    "LatestDate": "2009-09-15T15:46:52.127-07:00"
  },
  {
    "Id": "72663",
    "Title": "Windows 7 RTM x64 compatibility",
    "LatestDate": "2009-11-24T20:44:58.913-08:00"
  },
  {
    "Id": "78053",
    "Title": "Resources not showing in MUI files for CPLs",
    "LatestDate": "2009-12-14T11:36:51-08:00"
  },
  {
    "Id": "82255",
    "Title": "Current Progress",
    "LatestDate": "2010-01-27T18:43:08.37-08:00"
  },
  {
    "Id": "85401",
    "Title": "Import DIALOG, TEXTFILE and others resource type...",
    "LatestDate": "2010-02-16T09:15:10.537-08:00"
  },
  {
    "Id": "226755",
    "Title": "DLL files are not unloaded in Batch Export",
    "LatestDate": "2010-12-27T16:36:51.027-08:00"
  },
  {
    "Id": "431445",
    "Title": "Is it necessary to look at VersionItem.Type before marshalling VS_FIXEDFILEINFO?",
    "LatestDate": "2013-01-30T10:39:44.243-08:00"
  },
  {
    "Id": "431448",
    "Title": "Why can't the twunk_16.exe NE header be parsed?",
    "LatestDate": "2013-01-30T10:58:14.6-08:00"
  }
]