[
  {
    "Id": "994278",
    "ThreadId": "431448",
    "Html": "\r\n<p>Hi again guys,</p>\r\n<p>This question is intended for the coordinator of this project. Before I found this project, I was &#65279;exercising my code trying to find an assembly&nbsp;with&nbsp;string version data rather than binary version in the PE header&nbsp;data (see\r\n<a href=\"http://anolis.codeplex.com/discussions/431445\" target=\"_blank\">my previous post</a>). I ran across the twunk_16.exe file in the Windows XP directory&nbsp;that I could not parse, even though Windows Explorer correctly lists the version information.\r\n I was losing confidence in my implementation, so I started looking for other C# implementations online.</p>\r\n<p>Then I came across your project. After downloading the source, I was surprised that in your Anolis.Tools.PEInfo.Program file, you had commented out the regular&nbsp;go path and had inserted what appears to be test code pointing to your own file called &quot;twunk_16.exe&quot;.\r\n So both of us are interested in that file! That file will not load in any of your formats (DOS, NE, COFF/PE) either. Have you figured out what kind of a file it is and why it is not adhering to these formats? Thanks again for the awesome library!</p>\r\n<p>-Mike</p>\r\n",
    "PostedDate": "2013-01-30T10:58:14.6-08:00",
    "UserRole": null,
    "MarkedAsAnswerDate": null
  }
]