[
  {
    "Id": "193963",
    "ThreadId": "57400",
    "Html": "<p>I'm looking for a command line tool that would allow me to extract a binary resource with a single command line invocation.</p>\r\n<p>I need to extract a resource as one step in a monster makefile.</p>\r\n<p>Is anolis resourcer able to do this?</p>\r\n<p>&nbsp;</p>",
    "PostedDate": "2009-05-25T10:52:27.423-07:00",
    "UserRole": null,
    "MarkedAsAnswerDate": null
  },
  {
    "Id": "194552",
    "ThreadId": "57400",
    "Html": "<p>Yes. Resourcer has command-line interface support (currently undocumented though).</p>\r\n<p>Here's the syntax:</p>\r\n<pre>-op&nbsp; : The operation to perform. Add = add, Update = upd, Extract = ext, Delete = del<br>-src : The file to perform the operation to. Can be an arbitrary path. The file must be writable if you're adding, updating, or deleting<br><br>-type, -name, -lang: Identifies the path to the resource data to work on.<br>If -lang: is missing the program will perform the operation on all children of the specified name. -lang: must be specified when adding resources.<br><br>-file: The location of the file to load into the -src: file when adding or updating. When extracting this is where the file will be saved to. If a file already exists it will be overwritten.<br><br>Anolis.Resourcer.exe -op:add -src:&quot;C:\\dest.exe&quot; -type:TYPE -name:NAME&nbsp; -lang:1033&nbsp; -file:&quot;C:\\foo\\icon.ico&quot;<br>Anolis.Resourcer.exe -op:upd -src:&quot;C:\\dest.exe&quot; -type:TYPE -name:NAME [-lang:1033] -file:&quot;C:\\foo\\icon.ico&quot;<br>Anolis.Resourcer.exe -op:ext -src:&quot;C:\\dest.exe&quot; -type:TYPE -name:NAME&nbsp; -lang:1033&nbsp; -file:&quot;C:\\foo\\icon.ico&quot;<br>Anolis.Resourcer.exe -op:del -src:&quot;C:\\dest.exe&quot; -type:TYPE -name:NAME [-lang:1033]</pre>\r\n<p>There is also a dedicated command-line program Anolis.Console, but it doesn't do anything since I decided to move the command-line functionality into the GUI Resourcer program. I'm looking into remaking Anolis.Console since a few other people have asked for a dedicated program they can use.</p>",
    "PostedDate": "2009-05-26T16:11:07.39-07:00",
    "UserRole": null,
    "MarkedAsAnswerDate": null
  },
  {
    "Id": "196005",
    "ThreadId": "57400",
    "Html": "<p>I'm having a problem using it from the command line.&nbsp; I always get a popup saying &quot;Syntax error:&quot; followed by a single 'word' of all the command line arguments run together without spaces.</p>\r\n<p>The popup says there is a -batch:&quot;file&quot; option.&nbsp; What is the syntax of the batch file?&nbsp; If I run it with -batch:&quot;XXX&quot; then nothing happens.</p>\r\n<p>I think the console version is important.&nbsp; I can't really use the GUI version because it signals an error with a message box.&nbsp; Every time we check in changes that causes a build 'bot' to do a new build.&nbsp; We can't have that hang on a message box, and the error message needs to be in stdout ot stderr to get into a log file, an dthere needs to be an exit code for the build system to detect problems.</p>\r\n<p>For build scripting it would also be useful to have a way to check if a resource name or type is present, and to list all the resources (optionally filtered by a combination of type/name/lang).&nbsp; Imagine you wanted to write a .BAT file to extract all of the ICONs.&nbsp; One interesting way to list would be to generate a batch file that owuld extract all the (filtered) resources.</p>\r\n<p>The examples show absolute paths.&nbsp; Relative paths need to work from the working directory of the command invocation otherwise it is difficult to integrate into build rules.</p>\r\n<p>&nbsp;</p>\r\n<p>Thanks!</p>\r\n<p>&nbsp;</p>",
    "PostedDate": "2009-05-30T11:57:46.933-07:00",
    "UserRole": null,
    "MarkedAsAnswerDate": null
  },
  {
    "Id": "196059",
    "ThreadId": "57400",
    "Html": "<p>-batch:&quot;file&quot; isn't implemented yet.</p>\r\n<p>Can you send me the command you're using so I can repro?</p>\r\n<p>I'm also working on a simple (and proper) command-line version; I'll work on it some more so it's ready for the next release in a few days time.</p>\r\n<p>&nbsp;</p>",
    "PostedDate": "2009-05-30T17:38:30.237-07:00",
    "UserRole": null,
    "MarkedAsAnswerDate": null
  },
  {
    "Id": "228958",
    "ThreadId": "57400",
    "Html": "<p>I'm also getting an error like rakudrama when trying to use resourcer from the command line - while seemingly the command is right.</p>\r\n<p>I'm using the latest build available for download here.</p>\r\n<p>If this helps here is a screenshot of the problem: <a href=\"http://i184.photobucket.com/albums/x34/Drag0nR3b0rn/anolis-resourcer-cmd-error.png\">http://i184.photobucket.com/albums/x34/Drag0nR3b0rn/anolis-resourcer-cmd-error.png</a></p>",
    "PostedDate": "2009-08-29T06:28:17.917-07:00",
    "UserRole": null,
    "MarkedAsAnswerDate": null
  },
  {
    "Id": "228989",
    "ThreadId": "57400",
    "Html": "<p>You need to enclose all paths in quotation marks, and you're missing out spaces between arguments.</p>",
    "PostedDate": "2009-08-29T09:25:07.317-07:00",
    "UserRole": null,
    "MarkedAsAnswerDate": null
  },
  {
    "Id": "229628",
    "ThreadId": "57400",
    "Html": "<p>&quot;I know - I followed your instructions in the post above &amp; in the text file that came with the program file in the archive.</p>\r\n<p>But yet I get the aforementioned error. The screenshot was taken after trying to run the following command: &quot;Resourcer.exe -op:upd -src:&quot;C:\\Program Files\\7-Zip\\7z.dll&quot; -type:ICONGROUP -name:&quot;0&quot; -file:&quot;Res\\7z.ico&quot;&quot; from the windows command prompt.</p>\r\n<p>It may be relevant to note that I'm using Window 7 RC x64.</p>",
    "PostedDate": "2009-09-01T02:45:09.79-07:00",
    "UserRole": null,
    "MarkedAsAnswerDate": null
  },
  {
    "Id": "229720",
    "ThreadId": "57400",
    "Html": "<p>Thanks for the feedback, I've investigated.</p>\r\n<p>Turns out the spaces are removed by the program when it displays the error message, ignore what I said about that.</p>\r\n<p>The problem is because of the way  double-quote &quot; characters are interpreted when processing command-line arguments, and the program is also displaying the wrong error message.</p>\r\n<p>Anyway, the problem is you're trying to alter resource &quot;0&quot; rather than resource 0 (one is a string ID, the other is an integer ID) however my software interprets your &quot;0&quot; as 0 and not the string 0. It should display an error message saying that the resource 0 wasn't found, but it shows the syntax error message instead.</p>\r\n<p>I'm working on fixing it, I'll release an update later today.</p>",
    "PostedDate": "2009-09-01T07:35:15.64-07:00",
    "UserRole": null,
    "MarkedAsAnswerDate": null
  }
]