[
  {
    "Id": "234856",
    "ThreadId": "69023",
    "Html": "<p>you can enter this command? <br><br> In fact, what is my overwrites the existing file. <br><br> Thanks</p>",
    "PostedDate": "2009-09-15T12:14:59.687-07:00",
    "UserRole": null,
    "MarkedAsAnswerDate": null
  },
  {
    "Id": "234931",
    "ThreadId": "69023",
    "Html": "<p>Implementing Save As is a non-trivial operation, but I believe it can be done. I do plan to get it done before the 1.0 release.</p>\r\n<p>In the meanwhile, you'll see there's a &quot;Backup Source&quot; option which makes a copy of the file for you.</p>",
    "PostedDate": "2009-09-15T15:46:52.127-07:00",
    "UserRole": null,
    "MarkedAsAnswerDate": null
  }
]