{
  "WorkItem": {
    "AffectedComponent": {
      "Name": "",
      "DisplayName": ""
    },
    "ClosedComment": "",
    "ClosedDate": null,
    "CommentCount": 0,
    "Custom": null,
    "Description": "W3bbo has continued to refine and tweak the Patching and XML Package System.\n \nThe XML package system allows for easy and simple integration.\n \nSo, as a feature (or extra option), we are able to perhaps add and change (default) wallpapers, visual styles, etc.\n \nWhat I'm wishing for is for Anolis to allow patching of the *Windows XP Welcome Screen* automatically, under the patching OR even in slipstreaming. That would mean native logonui.exe support (which is what nLite takes advantage of). I'm also hoping for .logonxp support, which is popular among other designers.\n \nWhat do you think? This would be a nice customization option, and I think it will make a lot of users happy. ;)\n \nNOTE:: Attached some nice looking Welcome Screen examples. Also, make note that Vista's logon screen behavior is vastly different from XP's. W3bbo may have to design a separate patching method if he ever decides to.\n \nSuggestion to develop:\n*Look into logonui.exe patching first for XP\n*Expand for .logonxp support\n*Finally, look into Vista patching if possible",
    "LastUpdatedDate": "2013-02-14T13:13:02.967-08:00",
    "PlannedForRelease": "",
    "ReleaseVisibleToPublic": false,
    "Priority": {
      "Name": "Medium",
      "Severity": 100,
      "Id": 2
    },
    "ProjectName": "anolis",
    "ReportedDate": "2008-11-29T08:10:08.4-08:00",
    "Status": {
      "Name": "Proposed",
      "Id": 1
    },
    "ReasonClosed": {
      "Name": "Unassigned"
    },
    "Summary": "Feature Request:: logonui.exe & .logonxp FileType support",
    "Type": {
      "Name": "Feature",
      "Id": 1
    },
    "VoteCount": 2,
    "Id": 11763
  },
  "FileAttachments": [
    {
      "FileId": 1488,
      "FileName": "Darkside_Logon_Screen_SP3.rar",
      "DownloadUrl": ".\\1488"
    },
    {
      "FileId": 1489,
      "FileName": "XP_Black_Logon.logonxp",
      "DownloadUrl": ".\\1489"
    },
    {
      "FileId": 1490,
      "FileName": "RONIZ_by_007TINAR.zip",
      "DownloadUrl": ".\\1490"
    }
  ],
  "Comments": [
    {
      "Message": ".logonxp format",
      "PostedDate": "2008-11-29T08:11:43.87-08:00",
      "Id": -2147483648
    },
    {
      "Message": "",
      "PostedDate": "2008-11-29T08:11:44.887-08:00",
      "Id": -2147483648
    },
    {
      "Message": "another logon example",
      "PostedDate": "2008-11-29T08:12:34.26-08:00",
      "Id": -2147483648
    },
    {
      "Message": "",
      "PostedDate": "2008-11-29T08:12:35.243-08:00",
      "Id": -2147483648
    },
    {
      "Message": "",
      "PostedDate": "2008-11-29T08:13:44.9-08:00",
      "Id": -2147483648
    },
    {
      "Message": "On Vista you have to replace IMAGE resources in imageres.dll",
      "PostedDate": "2009-01-11T05:04:23.923-08:00",
      "Id": -2147483648
    },
    {
      "Message": "",
      "PostedDate": "2009-01-11T05:07:12.767-08:00",
      "Id": -2147483648
    },
    {
      "Message": "",
      "PostedDate": "2013-02-14T13:13:02.967-08:00",
      "Id": -2147483648
    }
  ]
}