{
  "WorkItem": {
    "AffectedComponent": {
      "Name": "Core",
      "DisplayName": "Core"
    },
    "ClosedComment": "It looks like I just needed to add the finaliser to ResourceData.",
    "ClosedDate": "2009-04-10T13:38:24.08-07:00",
    "CommentCount": 0,
    "Custom": null,
    "Description": "Add Finalizers on classes that deal with data that needs disposing rather than just relying on the assumption that Dispose() will always be called appropriately.",
    "LastUpdatedDate": "2013-05-16T02:36:06.95-07:00",
    "PlannedForRelease": "",
    "ReleaseVisibleToPublic": false,
    "Priority": {
      "Name": "Low",
      "Severity": 50,
      "Id": 1
    },
    "ProjectName": "anolis",
    "ReportedDate": "2009-03-14T18:06:26.667-07:00",
    "Status": {
      "Name": "Closed",
      "Id": 4
    },
    "ReasonClosed": {
      "Name": "Unassigned"
    },
    "Summary": "Use Finalizers",
    "Type": {
      "Name": "Feature",
      "Id": 1
    },
    "VoteCount": 1,
    "Id": 12811
  },
  "FileAttachments": [],
  "Comments": []
}