{
  "WorkItem": {
    "AffectedComponent": {
      "Name": "",
      "DisplayName": ""
    },
    "ClosedComment": "The userbase of VS2003 users is negligible and when the mod was there it caused several crashes. It's also my opinion that the console window looked worse.",
    "ClosedDate": "2008-12-07T17:00:44.07-08:00",
    "CommentCount": 0,
    "Custom": null,
    "Description": "XPize: Visual Studio .NET 2003 compatibility\n \nType set to Issue: A bug\n \nImpact set to Medium: Only reason for errors in console is colors mod, no current solution\n \nFound from XPize.net site--> •\tVisual Studio .NET 2003: The command line colors mod included in XPize may cause errors in the .NET console.",
    "LastUpdatedDate": "2013-05-16T02:36:09.153-07:00",
    "PlannedForRelease": "",
    "ReleaseVisibleToPublic": false,
    "Priority": {
      "Name": "Medium",
      "Severity": 100,
      "Id": 2
    },
    "ProjectName": "anolis",
    "ReportedDate": "2008-07-26T10:47:59.683-07:00",
    "Status": {
      "Name": "Closed",
      "Id": 4
    },
    "ReasonClosed": {
      "Name": "Unassigned"
    },
    "Summary": "XPize: Visual Studio .NET 2003 compatibility",
    "Type": {
      "Name": "Issue",
      "Id": 3
    },
    "VoteCount": 1,
    "Id": 10785
  },
  "FileAttachments": [],
  "Comments": [
    {
      "Message": "If we are not going to include the fancy blue color scheme for the console, we can skip this one.\r\n\r\nMy recommendation is not to include it. I may give us some headaches.",
      "PostedDate": "2008-07-29T01:32:11.663-07:00",
      "Id": -2147483648
    },
    {
      "Message": "I'll talk to W3bbo about this on whether or not we should include it. If it's not a shell change (on Windows visual consistency), then I don't see a reason for keeping it as a must-do feature. Might we reopen this if we plan to include it in the future?",
      "PostedDate": "2008-08-01T07:32:05.893-07:00",
      "Id": -2147483648
    },
    {
      "Message": "",
      "PostedDate": "2008-08-01T19:06:35.617-07:00",
      "Id": -2147483648
    },
    {
      "Message": "",
      "PostedDate": "2008-12-07T17:00:44.07-08:00",
      "Id": -2147483648
    },
    {
      "Message": "",
      "PostedDate": "2013-02-14T13:13:04.32-08:00",
      "Id": -2147483648
    },
    {
      "Message": "",
      "PostedDate": "2013-05-16T02:36:09.153-07:00",
      "Id": -2147483648
    }
  ]
}