{
  "WorkItem": {
    "AffectedComponent": {
      "Name": "Core",
      "DisplayName": "Core"
    },
    "ClosedComment": "",
    "ClosedDate": "2009-03-14T17:42:13.17-07:00",
    "CommentCount": 0,
    "Custom": null,
    "Description": "* To reduce confusion and to better represent what the project does rename Anolis.Gui to Anolis.Installer since it primarily functions as the installer for Anolis packages.\n \n* ResourceSource needs a \"Blind mode\" for fast resource updates where it blindly updates resources without first loading the source file and enumerating resources. This option is mutually exclusive with any actions relating to directory-based resources like icons, however.\n* Blind mode requires more work than I originally anticipated. I need to move .Action from ResourceData to ResourceLang, but I need to ensure if that's the right way of doing anything first.\n \n* Icon and other directory resource handling has bugs and shortcomings in the current source. When adding icon-directories the icon-images must have the same langid as the parent directory. When updating icon directories the new icon-images must replace the existing icon-images rather than reference new ones (unless the directory contains new icon-images).",
    "LastUpdatedDate": "2013-05-16T02:36:07.387-07:00",
    "PlannedForRelease": "",
    "ReleaseVisibleToPublic": false,
    "Priority": {
      "Name": "High",
      "Severity": 150,
      "Id": 3
    },
    "ProjectName": "anolis",
    "ReportedDate": "2009-03-05T14:17:58-08:00",
    "Status": {
      "Name": "Closed",
      "Id": 4
    },
    "ReasonClosed": {
      "Name": "Unassigned"
    },
    "Summary": "Rename Anolis.Gui, build \"blind mode\", and improve Icon resource handling",
    "Type": {
      "Name": "Task",
      "Id": 2
    },
    "VoteCount": 1,
    "Id": 12759
  },
  "FileAttachments": [],
  "Comments": []
}