{
  "WorkItem": {
    "AffectedComponent": {
      "Name": "",
      "DisplayName": ""
    },
    "ClosedComment": "This isn't really a bug.",
    "ClosedDate": "2009-01-31T06:27:51.223-08:00",
    "CommentCount": 0,
    "Custom": null,
    "Description": "Design new, high quality resources to replace the old ones\n \nType set to task:  We need some designers and artists to be able to do this.\n \nImpact set to high: This is another intergral part of XPize and Vize. These new icon desgins and look make our shell pack a shell pack :) .\n \n \n \nfrom Innocent Devil-- Better to split the tasks to accomplish 2.Making hi-Q resources to replace them;; sombody [who] knows [photoshop/GIMP] should take care of the [resources]\n \nfrom W3bbo-- Whilst my Photoshop and Illustrator skills are \"above average\" I'm nowhere near the ability required to create new artwork though.",
    "LastUpdatedDate": "2013-05-16T02:36:10.34-07:00",
    "PlannedForRelease": "",
    "ReleaseVisibleToPublic": false,
    "Priority": {
      "Name": "High",
      "Severity": 150,
      "Id": 3
    },
    "ProjectName": "anolis",
    "ReportedDate": "2008-07-22T10:55:45.397-07:00",
    "Status": {
      "Name": "Closed",
      "Id": 4
    },
    "ReasonClosed": {
      "Name": "Unassigned"
    },
    "Summary": "XPize & Vize- Design new, high quality resources to replace the old ones",
    "Type": {
      "Name": "Task",
      "Id": 2
    },
    "VoteCount": 1,
    "Id": 10730
  },
  "FileAttachments": [],
  "Comments": []
}