{
  "WorkItem": {
    "AffectedComponent": {
      "Name": "Resourcer",
      "DisplayName": "Resourcer"
    },
    "ClosedComment": "This was fixed as part of the other issue relating to the BackgroundWorker being busy.",
    "ClosedDate": "2009-04-10T14:31:47.96-07:00",
    "CommentCount": 0,
    "Custom": null,
    "Description": "If you select something that needs more significant CPU time to prepare (like 2000 icons) and then select something else, the worker thread still keeps one core in full load until finished.\n \nYou should go for stopping it somewhere in a BeforeSelect event if selected node changed and worker thread is active.",
    "LastUpdatedDate": "2013-05-16T02:36:07.707-07:00",
    "PlannedForRelease": "",
    "ReleaseVisibleToPublic": false,
    "Priority": {
      "Name": "Low",
      "Severity": 50,
      "Id": 1
    },
    "ProjectName": "anolis",
    "ReportedDate": "2009-03-04T14:23:45.177-08:00",
    "Status": {
      "Name": "Closed",
      "Id": 4
    },
    "ReasonClosed": {
      "Name": "Unassigned"
    },
    "Summary": "Worker thread does not stop if tree selection changes",
    "Type": {
      "Name": "Issue",
      "Id": 3
    },
    "VoteCount": 1,
    "Id": 12749
  },
  "FileAttachments": [],
  "Comments": []
}