{
  "WorkItem": {
    "AffectedComponent": {
      "Name": "",
      "DisplayName": ""
    },
    "ClosedComment": "",
    "ClosedDate": null,
    "CommentCount": 0,
    "Custom": null,
    "Description": "When using c:\\windows\\explorer.exe (Win7 rtm x64) with replaced bitmaps (6801-6805-6809) by Anolis 0.9, a black screen appears logging into Windows. Using explorer.exe modded with same bitmaps, but with Restorator2007, no problems occour.",
    "LastUpdatedDate": "2013-02-14T13:12:59.48-08:00",
    "PlannedForRelease": "",
    "ReleaseVisibleToPublic": false,
    "Priority": {
      "Name": "Low",
      "Severity": 50,
      "Id": 1
    },
    "ProjectName": "anolis",
    "ReportedDate": "2009-09-14T11:53:21.89-07:00",
    "Status": {
      "Name": "Proposed",
      "Id": 1
    },
    "ReasonClosed": {
      "Name": "Unassigned"
    },
    "Summary": "Issue when replacing bitmaps in explorer.exe (Win7 rtm x64)",
    "Type": {
      "Name": "Issue",
      "Id": 3
    },
    "VoteCount": 2,
    "Id": 14151
  },
  "FileAttachments": [],
  "Comments": []
}