{
  "WorkItem": {
    "AffectedComponent": {
      "Name": "",
      "DisplayName": ""
    },
    "ClosedComment": "",
    "ClosedDate": null,
    "CommentCount": 0,
    "Custom": null,
    "Description": "The way things are now, if I go to download Anolis, my browser wants to save it as \"2009-09-01.zip\", and there's not really anything I can do about that, because the download link doesn't actually point to the file itself, but to another page that starts the download on its own (probably using a JS API) in a way that doesn't give me an option to choose a filename to actually save it under.\n\nAnyway, it would be nice if the filename would indicate what software was contained inside, you know?",
    "LastUpdatedDate": "2014-10-01T14:23:19.353-07:00",
    "PlannedForRelease": "",
    "ReleaseVisibleToPublic": false,
    "Priority": {
      "Name": "Unassigned",
      "Severity": 0,
      "Id": 0
    },
    "ProjectName": "anolis",
    "ReportedDate": "2014-10-01T14:23:19.353-07:00",
    "Status": {
      "Name": "Proposed",
      "Id": 1
    },
    "ReasonClosed": {
      "Name": "Unassigned"
    },
    "Summary": "Download filename should contain \"anolis\"",
    "Type": {
      "Name": "Unassigned",
      "Id": 5
    },
    "VoteCount": 1,
    "Id": 25758
  },
  "FileAttachments": [],
  "Comments": []
}