{
  "WorkItem": {
    "AffectedComponent": {
      "Name": "",
      "DisplayName": ""
    },
    "ClosedComment": "",
    "ClosedDate": null,
    "CommentCount": 0,
    "Custom": null,
    "Description": "XPize: compatibility with Asian languages and shell32.dll (weighing more than 10MB\n---Causes memory allocation errors\n \nType set to Issue: A bug\n \nImpact set to Medium: Solution is to install Lite version (no 128x128 icon support) in order to fix. Might there be a way that we can correct this? Could it also be a RAM issue?\n \nFound from XPize.net site --> •\tAsian languages installed and your shell32.dll weights more than 10MB causing memory allocation problems: Try installing Lite version (no 128x128 icon support) in order to fix your problem.",
    "LastUpdatedDate": "2013-02-14T13:13:03.84-08:00",
    "PlannedForRelease": "",
    "ReleaseVisibleToPublic": false,
    "Priority": {
      "Name": "Medium",
      "Severity": 100,
      "Id": 2
    },
    "ProjectName": "anolis",
    "ReportedDate": "2008-07-26T10:56:13.323-07:00",
    "Status": {
      "Name": "Proposed",
      "Id": 1
    },
    "ReasonClosed": {
      "Name": "Unassigned"
    },
    "Summary": "XPize: compatibility with Asian languages and shell32.dll (weighing more than 10MB)",
    "Type": {
      "Name": "Issue",
      "Id": 3
    },
    "VoteCount": 1,
    "Id": 10793
  },
  "FileAttachments": [],
  "Comments": [
    {
      "Message": "oooooh, i knwo this one, in order to let that work, you should reallocate the user32 file.\r\ni have done this before, with success on nt4, which i also make a patcher for.\r\n\r\nso i can fix that in theory :D\r\n\r\nDamian666",
      "PostedDate": "2008-08-02T01:02:18.21-07:00",
      "Id": -2147483648
    },
    {
      "Message": "I'm leaving this open in case the issue strikes again. I feel it may be related to how ResourceHacker works and so wouldn't affect Anolis, but I'm skeptical we'll see this issue again.",
      "PostedDate": "2009-01-31T06:16:50.373-08:00",
      "Id": -2147483648
    },
    {
      "Message": "",
      "PostedDate": "2013-02-14T13:13:03.84-08:00",
      "Id": -2147483648
    }
  ]
}