{
  "WorkItem": {
    "AffectedComponent": {
      "Name": "",
      "DisplayName": ""
    },
    "ClosedComment": "This has been fixed in the 0.7 release",
    "ClosedDate": "2009-01-31T06:25:31.82-08:00",
    "CommentCount": 0,
    "Custom": null,
    "Description": "When compiled for x64, Anolis.Core.PE.PESource.Reload() throws \"PE/COFF ResourceSource could not be loaded.\" on some files. When compiled on x86, it works ok.\n \nReason: you cannot load a 32-bit DLL in a 64-bit process. The app built on Any CPU target will load the 64-bit CLR. Maybe add a warning in the documentation?\n \nGives out win32messages like Unable to FormatMessage(193), cause: the parameter is incorrect.",
    "LastUpdatedDate": "2013-05-16T02:36:08.413-07:00",
    "PlannedForRelease": "",
    "ReleaseVisibleToPublic": false,
    "Priority": {
      "Name": "Low",
      "Severity": 50,
      "Id": 1
    },
    "ProjectName": "anolis",
    "ReportedDate": "2009-01-11T04:36:00.42-08:00",
    "Status": {
      "Name": "Closed",
      "Id": 4
    },
    "ReasonClosed": {
      "Name": "Unassigned"
    },
    "Summary": "Cannot load 32-bit DLL in 64-bit process",
    "Type": {
      "Name": "Issue",
      "Id": 3
    },
    "VoteCount": 1,
    "Id": 12352
  },
  "FileAttachments": [],
  "Comments": [
    {
      "Message": "This results from when I thought I'd need to use LoadLibrary without the AsDataFile flag. By making sure the AsDataFile flag is set on x64 I can load 32-bit libraries fine. This will go in the next release. This also changes the Read Only behaviour. Thanks for the feedback, I don't think I'd have spotted it.",
      "PostedDate": "2009-01-11T14:44:37.453-08:00",
      "Id": -2147483648
    },
    {
      "Message": "",
      "PostedDate": "2009-01-31T06:25:31.82-08:00",
      "Id": -2147483648
    },
    {
      "Message": "",
      "PostedDate": "2013-02-14T13:13:02.773-08:00",
      "Id": -2147483648
    },
    {
      "Message": "",
      "PostedDate": "2013-05-16T02:36:08.413-07:00",
      "Id": -2147483648
    }
  ]
}