{
  "WorkItem": {
    "AffectedComponent": {
      "Name": "",
      "DisplayName": ""
    },
    "ClosedComment": "fixed, two edits inside patcherfunction.cs. i will upload the new file",
    "ClosedDate": "2008-08-20T01:29:35.4-07:00",
    "CommentCount": 0,
    "Custom": null,
    "Description": "Vize: %ProgramFiles% or spaces bug\n \nType set to Issue: Bug\n \nImpact set to High: Edits in the code should correct the bug. The KDE patcher (based on Vize, and I believe created by doomangel) corrects this issue; program issue, not system issue.\n \n-From ricktendo64:\n--The %ProgramFiles% or spaces in path Vize bug (I think the KDE patcher has fixed this bug)",
    "LastUpdatedDate": "2013-05-16T02:36:08.857-07:00",
    "PlannedForRelease": "",
    "ReleaseVisibleToPublic": false,
    "Priority": {
      "Name": "High",
      "Severity": 150,
      "Id": 3
    },
    "ProjectName": "anolis",
    "ReportedDate": "2008-07-26T17:12:54.203-07:00",
    "Status": {
      "Name": "Closed",
      "Id": 4
    },
    "ReasonClosed": {
      "Name": "Unassigned"
    },
    "Summary": "Vize: %ProgramFiles% or spaces bug",
    "Type": {
      "Name": "Issue",
      "Id": 3
    },
    "VoteCount": 1,
    "Id": 10794
  },
  "FileAttachments": [],
  "Comments": [
    {
      "Message": "fixed, two edits inside patcherfunction.cs. i will upload the new file",
      "PostedDate": "2008-08-20T00:39:23.76-07:00",
      "Id": -2147483648
    },
    {
      "Message": "",
      "PostedDate": "2008-08-20T01:29:35.4-07:00",
      "Id": -2147483648
    },
    {
      "Message": "",
      "PostedDate": "2013-02-14T13:13:03.613-08:00",
      "Id": -2147483648
    },
    {
      "Message": "",
      "PostedDate": "2013-05-16T02:36:08.857-07:00",
      "Id": -2147483648
    }
  ]
}