{
  "WorkItem": {
    "AffectedComponent": {
      "Name": "",
      "DisplayName": ""
    },
    "ClosedComment": "I'll pass on adding RC support for now, I don't think there's much need for it.\n\nMaybe as a \"2.0\" feature",
    "ClosedDate": "2009-04-10T14:30:42.247-07:00",
    "CommentCount": 0,
    "Custom": null,
    "Description": "RES and RC support exists in several ways:\n \na) ResourceData needs an abstract .ToRCScript method which subclasses implement to generate RC scripts. Fortunately this isn't too difficult: MSDN has a whole section on them: ms-help://MS.MSDNQTR.v90.en/tools/tools/resource_definition_statements.htm\n \nb) Resourcer needs to be able to read-in compiled *.res files and show the resources within them. I'm not aware of any APIs for this so I'll have to read them in manually. Fortunately it's a well-documented format.\n \n...and then I can check-off \"RES/RC Support\" on the Wikipedia article! ( http://en.wikipedia.org/wiki/Resource_(Windows) )",
    "LastUpdatedDate": "2013-05-16T02:36:06.023-07:00",
    "PlannedForRelease": "",
    "ReleaseVisibleToPublic": false,
    "Priority": {
      "Name": "Low",
      "Severity": 50,
      "Id": 1
    },
    "ProjectName": "anolis",
    "ReportedDate": "2009-03-31T14:23:13.747-07:00",
    "Status": {
      "Name": "Closed",
      "Id": 4
    },
    "ReasonClosed": {
      "Name": "Unassigned"
    },
    "Summary": "Add RES/RC Support",
    "Type": {
      "Name": "Issue",
      "Id": 3
    },
    "VoteCount": 1,
    "Id": 12916
  },
  "FileAttachments": [],
  "Comments": [
    {
      "Message": "I've now added in support for read-only *.res files and they seem to be working smoothly.\r\n\r\nSupporting writing to *.res files is different, since they need rebuilding, but doable. I'll leave it for now.\r\n\r\nI propose adding a third option c) There's a ResourceSource subclass that reads in *.rc scripts and uses references to files to load the data. But that's a bit tricky since the data hasn't been preprocessed, so resources like Bitmaps and Icon Directories wouldn't work anymore. VS already has a good *.rc editor, I don't see the need in expanding in this area.",
      "PostedDate": "2009-04-07T04:58:13.08-07:00",
      "Id": -2147483648
    },
    {
      "Message": "",
      "PostedDate": "2009-04-10T14:30:42.247-07:00",
      "Id": -2147483648
    },
    {
      "Message": "",
      "PostedDate": "2013-02-14T13:13:00.003-08:00",
      "Id": -2147483648
    },
    {
      "Message": "",
      "PostedDate": "2013-05-16T02:36:06.023-07:00",
      "Id": -2147483648
    }
  ]
}