{
  "WorkItem": {
    "AffectedComponent": {
      "Name": "Installer",
      "DisplayName": "Installer"
    },
    "ClosedComment": "This is now closed. I've fixed the initial problem and am working on implementing the Back button in Aero Wizard forms.",
    "ClosedDate": "2009-04-17T14:39:07.227-07:00",
    "CommentCount": 0,
    "Custom": null,
    "Description": "IWizardForm wiz = WizardFactory.Create() causes this ArgumentException in Anolis.GUI.Program\n \nI am not sure if this is related to compiling on Visual Studio 2008 x64. Here's a possible resolution, maybe you can find a way to insert it in the base form class for W3b.Wizards\n \n1) in class constructor: SetStyle(ControlStyles.SupportsTransparentBackColor, true);\n \n2) a BackColor override:\n \npublic override Color BackColor\n{\n    get\n    {\n        return base.BackColor;\n    }\n    set\n    {\n        if (base.BackColor != value)\n        {\n          base.BackColor = value;\n          TransparentMode = (base.BackColor == Color.Transparent);\n          this.InvalidateEx();\n        }\n    }\n}\n \n3) a OnPaintBackground override:\n \nprotected override void OnPaintBackground(PaintEventArgs pevent)\n{\n    if (TransparentMode)\n    {\n        base.OnPaintBackground(pevent);\n        return;\n    }\n    PaintGradientBackground(pevent.Graphics);\n}\n \nThere's also the WS_EX_TRANSPARENT style for doing something similar but I doubt it would work in this case",
    "LastUpdatedDate": "2013-05-16T02:36:07.843-07:00",
    "PlannedForRelease": "Anolis.Installer - 0.7 Beta",
    "ReleaseVisibleToPublic": false,
    "Priority": {
      "Name": "Low",
      "Severity": 50,
      "Id": 1
    },
    "ProjectName": "anolis",
    "ReportedDate": "2009-03-04T12:43:12.29-08:00",
    "Status": {
      "Name": "Closed",
      "Id": 4
    },
    "ReasonClosed": {
      "Name": "Unassigned"
    },
    "Summary": "x64 Control may not support transparent background colors",
    "Type": {
      "Name": "Issue",
      "Id": 3
    },
    "VoteCount": 1,
    "Id": 12746
  },
  "FileAttachments": [],
  "Comments": [
    {
      "Message": "I'm not quite sure I understand the problem being reported. \r\n\r\nThe W3b.Wizards library returns an AeroWizard instance on Vista or higher and a Wizard97 form on XP and earlier. Are you running on Vista? That might be the problem because I haven't really worked on the AeroWizard form. I'll modify Anolis.Gui so that it always uses Wizard97 and doesn't use the WizardFactory.\r\n\r\nI'm developing with VS2008 on XPx64 btw.",
      "PostedDate": "2009-03-04T15:27:39.753-08:00",
      "Id": -2147483648
    },
    {
      "Message": "Yes, I'm working on Vista x64... I guess in this case there's something trying to use a transparent background color on the glass part of the form which doesn't work with the old WS_TRANSPARENT",
      "PostedDate": "2009-03-05T00:17:49.95-08:00",
      "Id": -2147483648
    },
    {
      "Message": "I've spoken to Sven (who wrote the ExtendedForm class). The problem is caused by my placement of a control with a transparent background on top of a glass region. He says I'll have to paint directly to the DC of the form (bit of a shame, but doable).",
      "PostedDate": "2009-03-05T12:10:31.16-08:00",
      "Id": -2147483648
    },
    {
      "Message": "",
      "PostedDate": "2009-03-05T14:32:52.24-08:00",
      "Id": -2147483648
    },
    {
      "Message": "",
      "PostedDate": "2009-03-05T14:34:00.66-08:00",
      "Id": -2147483648
    },
    {
      "Message": "",
      "PostedDate": "2009-03-05T14:42:16.2-08:00",
      "Id": -2147483648
    },
    {
      "Message": "",
      "PostedDate": "2009-03-05T14:43:12.23-08:00",
      "Id": -2147483648
    },
    {
      "Message": "",
      "PostedDate": "2009-04-17T14:39:07.227-07:00",
      "Id": -2147483648
    },
    {
      "Message": "",
      "PostedDate": "2013-02-14T13:13:01.957-08:00",
      "Id": -2147483648
    },
    {
      "Message": "",
      "PostedDate": "2013-05-16T02:36:07.843-07:00",
      "Id": -2147483648
    }
  ]
}