{
  "WorkItem": {
    "AffectedComponent": {
      "Name": "Resourcer",
      "DisplayName": "Resourcer"
    },
    "ClosedComment": "I've made RawViewer use BackgroundWorker if the data is larger than 512KB. It shows a simple \"Loading...\" message in the centre of the screen.\n\nIn future I'd like to change it to some loading animation or something to show the program hasn't frozen.",
    "ClosedDate": "2009-04-10T14:52:47.243-07:00",
    "CommentCount": 0,
    "Custom": null,
    "Description": "if data.Length is large in places like ResourceDataView.ShowViewer(viewer, data), like over 1 MB , the viewer.RenderResource(data) should be threaded instead of being executed on main thread time.\n \nTry testing on NlsLexicons0007.dll, it has single resources larger than 10 MB",
    "LastUpdatedDate": "2013-05-16T02:36:07.573-07:00",
    "PlannedForRelease": "",
    "ReleaseVisibleToPublic": false,
    "Priority": {
      "Name": "Low",
      "Severity": 50,
      "Id": 1
    },
    "ProjectName": "anolis",
    "ReportedDate": "2009-03-04T14:33:52.953-08:00",
    "Status": {
      "Name": "Closed",
      "Id": 4
    },
    "ReasonClosed": {
      "Name": "Unassigned"
    },
    "Summary": "RawViewer.RenderResource creates lag with large arrays",
    "Type": {
      "Name": "Issue",
      "Id": 3
    },
    "VoteCount": 1,
    "Id": 12750
  },
  "FileAttachments": [],
  "Comments": []
}