{
  "WorkItem": {
    "AffectedComponent": {
      "Name": "Installer",
      "DisplayName": "Installer"
    },
    "ClosedComment": "",
    "ClosedDate": "2009-03-15T09:13:46.933-07:00",
    "CommentCount": 0,
    "Custom": null,
    "Description": "You probably already know this bug but here goes anyway:\nWhen on the \"Select a package to install\" page one cannot go Back to the \"Select a Task\" page (or Next understandably) unless you enter a path to the *.xml",
    "LastUpdatedDate": "2013-05-16T02:36:06.8-07:00",
    "PlannedForRelease": "",
    "ReleaseVisibleToPublic": false,
    "Priority": {
      "Name": "Low",
      "Severity": 50,
      "Id": 1
    },
    "ProjectName": "anolis",
    "ReportedDate": "2009-03-14T21:54:45.21-07:00",
    "Status": {
      "Name": "Closed",
      "Id": 4
    },
    "ReasonClosed": {
      "Name": "Unassigned"
    },
    "Summary": "'Back' button error: \"The file \"\" does not exist\"",
    "Type": {
      "Name": "Issue",
      "Id": 3
    },
    "VoteCount": 1,
    "Id": 12812
  },
  "FileAttachments": [],
  "Comments": [
    {
      "Message": "Thanks for the feedback. This has now been fixed. (and I didn't already know about it ;) )",
      "PostedDate": "2009-03-15T09:13:36.87-07:00",
      "Id": -2147483648
    },
    {
      "Message": "",
      "PostedDate": "2009-03-15T09:13:37.917-07:00",
      "Id": -2147483648
    },
    {
      "Message": "",
      "PostedDate": "2009-03-15T09:13:46.933-07:00",
      "Id": -2147483648
    },
    {
      "Message": "",
      "PostedDate": "2013-02-14T13:13:00.847-08:00",
      "Id": -2147483648
    },
    {
      "Message": "",
      "PostedDate": "2013-05-16T02:36:06.8-07:00",
      "Id": -2147483648
    }
  ]
}