{
  "WorkItem": {
    "AffectedComponent": {
      "Name": "",
      "DisplayName": ""
    },
    "ClosedComment": "We already get feedback via email so this work item is unnecessary.",
    "ClosedDate": "2009-01-31T06:26:11.82-08:00",
    "CommentCount": 0,
    "Custom": null,
    "Description": "Heya guys !!\n \nW3bbo, our project lead, has published the revamped xpize website at: http://www.xpize.net/ .\n \nPlease post \n-requests\n-bugs\n- & comments\nin the section, so we can better manage feedback !!\n \nThe help from you guys is greatly appreciated :) !! Keep it up.\n \n****************************************************\nType: Feature\nImpact: Medium --> affects how people get to the project and the program's image\n \nNOTE:: xpize website issue tracker items will be denoted with *x-Website* . vize website will have *v-website* . Please comment about the website of the program's with the correct tags ;) !!\n \n****************************************************",
    "LastUpdatedDate": "2013-05-16T02:36:08.557-07:00",
    "PlannedForRelease": "",
    "ReleaseVisibleToPublic": false,
    "Priority": {
      "Name": "Medium",
      "Severity": 100,
      "Id": 2
    },
    "ProjectName": "anolis",
    "ReportedDate": "2008-08-14T16:19:34.42-07:00",
    "Status": {
      "Name": "Closed",
      "Id": 4
    },
    "ReasonClosed": {
      "Name": "Unassigned"
    },
    "Summary": "x-Website:: Requests, bugs, comments- Post them here !!",
    "Type": {
      "Name": "Feature",
      "Id": 1
    },
    "VoteCount": 1,
    "Id": 11013
  },
  "FileAttachments": [],
  "Comments": []
}