{
  "WorkItem": {
    "AffectedComponent": {
      "Name": "",
      "DisplayName": ""
    },
    "ClosedComment": "This issue was fixed in the 0.7 release.",
    "ClosedDate": "2009-01-31T06:25:01.43-08:00",
    "CommentCount": 0,
    "Custom": null,
    "Description": "in Anolis.Core.ResourceData.FromResource() when loading a MUI resource the factories[i++].FromResource(lang, rawData) would cause it to be treated as a bitmap and crash when trying to investigate the bitmap header",
    "LastUpdatedDate": "2013-05-16T02:36:08.277-07:00",
    "PlannedForRelease": "",
    "ReleaseVisibleToPublic": false,
    "Priority": {
      "Name": "Low",
      "Severity": 50,
      "Id": 1
    },
    "ProjectName": "anolis",
    "ReportedDate": "2009-01-11T04:58:22.52-08:00",
    "Status": {
      "Name": "Closed",
      "Id": 4
    },
    "ReasonClosed": {
      "Name": "Unassigned"
    },
    "Summary": "MUI resource being handled as bitmap",
    "Type": {
      "Name": "Issue",
      "Id": 3
    },
    "VoteCount": 1,
    "Id": 12353
  },
  "FileAttachments": [],
  "Comments": [
    {
      "Message": "This happens on some MUI resources, like the one in 64-bit explorer.exe - > \"The bitmap uses an unknown biCompression value\" ",
      "PostedDate": "2009-01-11T05:06:12.533-08:00",
      "Id": -2147483648
    },
    {
      "Message": "This is a bug in the BmpImageResourceDataFactory class that asserts it can handle that kind of file without giving other factories the chance to handle it. I'll have it fixed for the next release.",
      "PostedDate": "2009-01-11T14:41:33.58-08:00",
      "Id": -2147483648
    },
    {
      "Message": "",
      "PostedDate": "2009-01-31T06:25:01.43-08:00",
      "Id": -2147483648
    },
    {
      "Message": "",
      "PostedDate": "2013-02-14T13:13:02.597-08:00",
      "Id": -2147483648
    },
    {
      "Message": "",
      "PostedDate": "2013-05-16T02:36:08.277-07:00",
      "Id": -2147483648
    }
  ]
}