{
  "WorkItem": {
    "AffectedComponent": {
      "Name": "Installer",
      "DisplayName": "Installer"
    },
    "ClosedComment": "Turned out to be a non-issue and the installation slowness because on x64 it patches both 64-bit and 32-bit files, thus taking twice as long.",
    "ClosedDate": "2010-01-26T05:22:45.573-08:00",
    "CommentCount": 0,
    "Custom": null,
    "Description": "Add a grave warning to the front page of the installation wizard to prompt the user to deactivate their anti-virus software.\n \nAlso an unrelated issue: xpize 5's patching of urlmon.dll may be causing problems in Team Fortress 2 and XFire.",
    "LastUpdatedDate": "2013-05-16T02:36:05.363-07:00",
    "PlannedForRelease": "",
    "ReleaseVisibleToPublic": false,
    "Priority": {
      "Name": "Medium",
      "Severity": 100,
      "Id": 2
    },
    "ProjectName": "anolis",
    "ReportedDate": "2009-05-14T18:07:37.703-07:00",
    "Status": {
      "Name": "Closed",
      "Id": 4
    },
    "ReasonClosed": {
      "Name": "Unassigned"
    },
    "Summary": "Damage mitigation",
    "Type": {
      "Name": "Feature",
      "Id": 1
    },
    "VoteCount": 1,
    "Id": 13247
  },
  "FileAttachments": [],
  "Comments": []
}