{
  "WorkItem": {
    "AffectedComponent": {
      "Name": "",
      "DisplayName": ""
    },
    "ClosedComment": "",
    "ClosedDate": null,
    "CommentCount": 0,
    "Custom": null,
    "Description": "It would be very welcome to have a similar function like Batch Export but for importing.\nYou could make resourcer only import the changed files.\nMaybe checking could be done via a log file which contains info on when the file which is to be imported was accessed the last time. Or by checking the filesize or maybe even Hash comparision. Don't know if that would be too slow.\n \nHope you can add that.",
    "LastUpdatedDate": "2013-02-14T13:12:58.83-08:00",
    "PlannedForRelease": "",
    "ReleaseVisibleToPublic": false,
    "Priority": {
      "Name": "Low",
      "Severity": 50,
      "Id": 1
    },
    "ProjectName": "anolis",
    "ReportedDate": "2010-10-18T11:55:44.01-07:00",
    "Status": {
      "Name": "Proposed",
      "Id": 1
    },
    "ReasonClosed": {
      "Name": "Unassigned"
    },
    "Summary": "Feature Request: Batch Import",
    "Type": {
      "Name": "Issue",
      "Id": 3
    },
    "VoteCount": 1,
    "Id": 18958
  },
  "FileAttachments": [],
  "Comments": []
}