{
  "WorkItem": {
    "AffectedComponent": {
      "Name": "",
      "DisplayName": ""
    },
    "ClosedComment": "I'm closing this issue. Vize shouldn't be incompatible with most Stardock software except for Stardock's Icon Package program, but even then there shouldn't be too many problems.",
    "ClosedDate": "2009-01-31T06:20:21.2-08:00",
    "CommentCount": 0,
    "Custom": null,
    "Description": "Vize: Compatibility issue with Stardock\n \nType set to Issue: A compatibility bug involving icon and resource conflicts.\n \nImpact set to ?Medium?: Stardock includes its own Icon replacement things; best thing to do is to advise not recommending Vize with Stardock\n \nVarious reviews of Vize from http://fileforum.betanews.com/review/1189698355/1/view point out NOT to use Vize if Stardock's installed.\n \nQuote from W3bbo:\nprobably; Stardock's software does voodoo things with Windows\noften with a kernel or usermode driver; Microsoft does not encourage use of Stardock, but they do tolerate it\n...\nbesides, Stardock make their own icon/resource-swapping program\nI think it's better to just be dogmatic: \"XPize is not compatible with Stardock's software, period\"",
    "LastUpdatedDate": "2013-05-16T02:36:09.427-07:00",
    "PlannedForRelease": "",
    "ReleaseVisibleToPublic": false,
    "Priority": {
      "Name": "Low",
      "Severity": 50,
      "Id": 1
    },
    "ProjectName": "anolis",
    "ReportedDate": "2008-07-26T10:22:53.683-07:00",
    "Status": {
      "Name": "Closed",
      "Id": 4
    },
    "ReasonClosed": {
      "Name": "Unassigned"
    },
    "Summary": "Vize: Compatibility issue with Stardock",
    "Type": {
      "Name": "Issue",
      "Id": 3
    },
    "VoteCount": 1,
    "Id": 10782
  },
  "FileAttachments": [],
  "Comments": []
}