{
  "WorkItem": {
    "AffectedComponent": {
      "Name": "",
      "DisplayName": ""
    },
    "ClosedComment": "",
    "ClosedDate": null,
    "CommentCount": 0,
    "Custom": null,
    "Description": "Heya guys!! I just ran into this: http://vistastylebuilder.com/index.html\n \nThis isn't really shell patcher, but could be a possible extension to the Resourcer: more possibilities and features for MSStyles editing.\n \n---------------\n \nHere is the link for screenshots: http://vistastylebuilder.com/screenshots.html and here's the posted feature set:\nFeatures\n \n    * Create, Modify and Save Custom MsStyle files for Vista\n    * No more .mui files needed\n    * AutoFix Alpha Channels with PNGs\n    * Control all theme properties\n    * Make changes to the STREAM images like normal image edits\n    * Test your Visual Style with one Click\n \nRequirements and others\n \n    * VistaStyleBuilder will only run on Windows Vista\n    * MsStyles created with Vista Style Builder can only run on a Vista pc with theming enabled and with a so-called patched UxTheme file.\n    * Editing the ShellFile is not supported at the moment, this might come in a future release.\n    * Once you buy it, future updates will be free! \n \nBefore Purchasing (License Agreement)\n \n    * Keys are only valid for ONE person: when a key is being shared between people or is available online, the key will be revoked and will no longer be valid to run future updates of VistaStyleBuilder. The payment made for the key will NOT be refunded.\n    * Any possible damages that might occur from running VistaStyleBuilder, including loss of work due to crashes, cannot be claimed on the author. In other words: you run this software completely on own risk.\n    * There is no support given on creating skins in VistaStyleBuilder. Of course, bug-reports are always tried to be solved. Problems or \"How do I do\"-questions regarding Visual Styles are not answered.\n \n------------\n \nI realize that Ave's Style Builder is not open source, but this does look like a really interesting program that we can add its features onto and extend Resourcer.\n \nOf course, this should be an undertaking once the main Resourcer program and Shell Patcher is finished ;) ..",
    "LastUpdatedDate": "2013-02-14T13:13:00.517-08:00",
    "PlannedForRelease": "",
    "ReleaseVisibleToPublic": false,
    "Priority": {
      "Name": "Low",
      "Severity": 50,
      "Id": 1
    },
    "ProjectName": "anolis",
    "ReportedDate": "2009-03-24T12:29:29.337-07:00",
    "Status": {
      "Name": "Proposed",
      "Id": 1
    },
    "ReasonClosed": {
      "Name": "Unassigned"
    },
    "Summary": "MSStyles editing at the level of Ave's Vista Style builder (a little side thing; improvement/ feature suggestion)",
    "Type": {
      "Name": "Feature",
      "Id": 1
    },
    "VoteCount": 1,
    "Id": 12871
  },
  "FileAttachments": [],
  "Comments": [
    {
      "Message": "This would be nice. I would actually start programming this kind off app for windwos 7. but the first thing that stops me is the fact that I dont know how to use specific theme. I did find several examples for xp.",
      "PostedDate": "2009-10-22T16:17:08.26-07:00",
      "Id": -2147483648
    },
    {
      "Message": "",
      "PostedDate": "2013-02-14T13:13:00.517-08:00",
      "Id": -2147483648
    }
  ]
}