{
  "WorkItem": {
    "AffectedComponent": {
      "Name": "",
      "DisplayName": ""
    },
    "ClosedComment": "By XPize 4.7 pretty much all of the old resources had been covered. Now we're getting more Vista resources in XP (thanks to WMP11 and MSTSC6). I'll post an official \"call for sightings\" later in February.",
    "ClosedDate": "2009-01-31T06:30:19.347-08:00",
    "CommentCount": 0,
    "Custom": null,
    "Description": "XPize & Vize: Find classical, 9x-esque resources\n \nType set to task: We need people to find and search out the classical styled icons found in XP and Vista.\n \nImpact set to high: This issue is what the XPize and Vize programs are about. We get rid of the old and bring more uniformity by introducing our new.\n \n \n \nfrom Innocent Devil--\n-Better to split the tasks to accomplish 1. finding Classic Resources in XP/Vista\n-finding classic resources is not a problem with board like MSFN with huge userbase\n--------response from ricktendo64: Now that! I can help with",
    "LastUpdatedDate": "2013-05-16T02:36:10.49-07:00",
    "PlannedForRelease": "",
    "ReleaseVisibleToPublic": false,
    "Priority": {
      "Name": "High",
      "Severity": 150,
      "Id": 3
    },
    "ProjectName": "anolis",
    "ReportedDate": "2008-07-22T10:19:20.397-07:00",
    "Status": {
      "Name": "Closed",
      "Id": 4
    },
    "ReasonClosed": {
      "Name": "Unassigned"
    },
    "Summary": "XPize & Vize: Find classical, 9x-esque resources",
    "Type": {
      "Name": "Task",
      "Id": 2
    },
    "VoteCount": 1,
    "Id": 10728
  },
  "FileAttachments": [],
  "Comments": []
}