{
  "WorkItem": {
    "AffectedComponent": {
      "Name": "Resourcer",
      "DisplayName": "Resourcer"
    },
    "ClosedComment": "",
    "ClosedDate": null,
    "CommentCount": 0,
    "Custom": null,
    "Description": "The \"center image\" in Anolis Resourcer doesn't calculate coordinates properly: when changing the zoom level the image is transformed relative to (0,0) rather than the center of the image itself. Also when centered and if the image is large enough it becomes impossible to see it all.",
    "LastUpdatedDate": "2017-12-09T04:53:15.357-08:00",
    "PlannedForRelease": "",
    "ReleaseVisibleToPublic": false,
    "Priority": {
      "Name": "Low",
      "Severity": 50,
      "Id": 1
    },
    "ProjectName": "anolis",
    "ReportedDate": "2009-03-03T17:35:31.393-08:00",
    "Status": {
      "Name": "Proposed",
      "Id": 1
    },
    "ReasonClosed": {
      "Name": "Unassigned"
    },
    "Summary": "Image centering is buggy",
    "Type": {
      "Name": "Issue",
      "Id": 3
    },
    "VoteCount": 1,
    "Id": 12738
  },
  "FileAttachments": [],
  "Comments": [
    {
      "Message": "If you are interested in a quick fix, replace stuff in ZoomPictureBox.GetRectangle() with\r\n\r\nretVal.X = (rect.Width - _image.Width) / Convert.ToInt32(2 * _zoom);\r\nretVal.Y = (rect.Height - _image.Height) / Convert.ToInt32(2 * _zoom);\r\n\r\nNote that you still relate to the form width/height, not the active draw area, which is smaller.\r\nAnd you should also add a minimum allowed size for the form, like 640x320.\r\n",
      "PostedDate": "2009-03-04T13:31:23.263-08:00",
      "Id": -2147483648
    },
    {
      "Message": "I thought of using that simple technique, but I'd like to stay \"mathematically pure\" and stick with the Transforms so I can also implement rotation and other nifty things you can do with Transform matrices.",
      "PostedDate": "2009-03-05T05:04:03.12-08:00",
      "Id": -2147483648
    },
    {
      "Message": "",
      "PostedDate": "2009-03-05T14:33:55.567-08:00",
      "Id": -2147483648
    },
    {
      "Message": "",
      "PostedDate": "2009-03-05T14:42:09.42-08:00",
      "Id": -2147483648
    },
    {
      "Message": "",
      "PostedDate": "2009-09-02T09:23:44.423-07:00",
      "Id": -2147483648
    },
    {
      "Message": "",
      "PostedDate": "2013-02-14T13:13:02.12-08:00",
      "Id": -2147483648
    },
    {
      "Message": "",
      "PostedDate": "2017-12-09T04:53:15.357-08:00",
      "Id": -2147483648
    }
  ]
}