{
  "WorkItem": {
    "AffectedComponent": {
      "Name": "Resourcer",
      "DisplayName": "Resourcer"
    },
    "ClosedComment": "Fixed. The Resource Tree wasn't being cleared when the source was reloaded. The side effect of this means it's impossible to implement Save As functionality; but I have added in a Backup option which is an acceptable compromise.",
    "ClosedDate": "2009-04-10T13:34:54.32-07:00",
    "CommentCount": 0,
    "Custom": null,
    "Description": "In the current source-builds of Resourcer the tree view's contents are duplicated (and the whole UI becomes a bit unstable) when saving the current ResourceSource. I need to polish up the tree view code.",
    "LastUpdatedDate": "2013-05-16T02:36:07.107-07:00",
    "PlannedForRelease": "",
    "ReleaseVisibleToPublic": false,
    "Priority": {
      "Name": "High",
      "Severity": 150,
      "Id": 3
    },
    "ProjectName": "anolis",
    "ReportedDate": "2009-03-14T17:43:39.9-07:00",
    "Status": {
      "Name": "Closed",
      "Id": 4
    },
    "ReasonClosed": {
      "Name": "Unassigned"
    },
    "Summary": "Tree view contents duplicated on save",
    "Type": {
      "Name": "Issue",
      "Id": 3
    },
    "VoteCount": 1,
    "Id": 12810
  },
  "FileAttachments": [],
  "Comments": []
}