{
  "WorkItem": {
    "AffectedComponent": {
      "Name": "",
      "DisplayName": ""
    },
    "ClosedComment": "As XPero said, this only affects people who are foolish enough to install older versions of xpize on modern systems. Anolis itself has no issues with Explorer, so I'm closing this.",
    "ClosedDate": "2009-01-31T06:15:46.437-08:00",
    "CommentCount": 0,
    "Custom": null,
    "Description": "XPize: compatibility with Explorer.exe files\n \nType set to Issue: A bug\n \nImpact set to Low: Changed to low with XPero's comment. Not many bugs have been reported on this, but will look out for them.~~~~~Explorer.exe shouldn't need to crash (I think) from XPize. Probably should be corrected to amend this bug in the coding; so solution proposed\n \nIssue found at XPize.net --> •\tExplorer.exe: The files ntdll.dll and shlwapi.dll may cause explorer.exe crashes.",
    "LastUpdatedDate": "2013-05-16T02:36:09.017-07:00",
    "PlannedForRelease": "",
    "ReleaseVisibleToPublic": false,
    "Priority": {
      "Name": "Low",
      "Severity": 50,
      "Id": 1
    },
    "ProjectName": "anolis",
    "ReportedDate": "2008-07-26T10:51:26.353-07:00",
    "Status": {
      "Name": "Closed",
      "Id": 4
    },
    "ReasonClosed": {
      "Name": "Unassigned"
    },
    "Summary": "XPize: compatibility with Explorer.exe files",
    "Type": {
      "Name": "Issue",
      "Id": 3
    },
    "VoteCount": 1,
    "Id": 10788
  },
  "FileAttachments": [],
  "Comments": [
    {
      "Message": "That bug appeared in first versions of XPize. Long time without any bug report of that type from users. Probably new versions of explorer.exe provided by MS Update fixed the bug.\r\n\r\nI would set the impact to low, not because it is not a severe issue, but  because it happens to very few people.",
      "PostedDate": "2008-07-29T01:29:35.557-07:00",
      "Id": -2147483648
    },
    {
      "Message": "Update: Changed impact to low. Will wait to see if the Explorer.exe bug happens to reappear.",
      "PostedDate": "2008-08-01T07:33:06.05-07:00",
      "Id": -2147483648
    },
    {
      "Message": "",
      "PostedDate": "2008-08-01T07:34:13.063-07:00",
      "Id": -2147483648
    },
    {
      "Message": "",
      "PostedDate": "2008-08-01T19:05:39.82-07:00",
      "Id": -2147483648
    },
    {
      "Message": "",
      "PostedDate": "2009-01-31T06:15:46.437-08:00",
      "Id": -2147483648
    },
    {
      "Message": "",
      "PostedDate": "2013-02-14T13:13:04.16-08:00",
      "Id": -2147483648
    },
    {
      "Message": "",
      "PostedDate": "2013-05-16T02:36:09.017-07:00",
      "Id": -2147483648
    }
  ]
}