{
  "WorkItem": {
    "AffectedComponent": {
      "Name": "",
      "DisplayName": ""
    },
    "ClosedComment": "Distributions of Anolis will no-longer be \"installed\" onto a computer. Instead the program is ran to apply the changes (and make backup copies where necessary) and ran again to remove the changes if the user so chooses.\n\nThere will be a more resiliant backup/restore system that should avoid these problems in future.",
    "ClosedDate": "2009-01-31T06:22:13.18-08:00",
    "CommentCount": 0,
    "Custom": null,
    "Description": "XPize: Uninstall fails to compeltely restore original settings; Vize is possibly affected also\n \nType set to Issue: The is a bug that needs to be fixes\n \nImpact set to High: An uninstall should and is supposed to delete all the programs files and registry settings.  XPize's uninstall should not only undo its changes, but revert a user's settings for icon sizes and such.\n \nFrom http://www.reviewsaurus.com/software-reviews/xpize-make-your-xp-look-like-windows-vista/\n--Fails to uninstall it properly : I tried to un-install it and unfortunately it didn’t do the work properly. It restored all the settings but it failed to reduce the size of the icons which became bigger on the installation and some configuration. Eventually, I had to use the System restore point to get everything back, the way I wanted.\n \nSeems that the user's complete original settings aren't completely restored. Kinda a major problem, which I think that the Uninstaller can be edited to compensate for, right?",
    "LastUpdatedDate": "2013-05-16T02:36:09.573-07:00",
    "PlannedForRelease": "",
    "ReleaseVisibleToPublic": false,
    "Priority": {
      "Name": "High",
      "Severity": 150,
      "Id": 3
    },
    "ProjectName": "anolis",
    "ReportedDate": "2008-07-26T10:12:50.463-07:00",
    "Status": {
      "Name": "Closed",
      "Id": 4
    },
    "ReasonClosed": {
      "Name": "Unassigned"
    },
    "Summary": "XPize: Uninstall fails to compeltely restore original settings; possible Vize issue too",
    "Type": {
      "Name": "Issue",
      "Id": 3
    },
    "VoteCount": 1,
    "Id": 10780
  },
  "FileAttachments": [],
  "Comments": [
    {
      "Message": "Yeah, that is normal (but not good). He used the XPize Settings tool to change icons size, then uninstalled XPize. The uninstaller doesn't know about the XPize Settings tool, so icons stayed with same size. \r\n\r\nIn XPize / Vize, uninstalling is not equal to restoring.\r\n\r\nIn Anolis, we should be able to find a way to restore the system to its original state when the user uninstalls it, because that's what the user expects to happen.",
      "PostedDate": "2008-07-29T01:26:36.367-07:00",
      "Id": -2147483648
    },
    {
      "Message": "well, we could fix this by backing up all known regentries, and on uninstall execute the backup'ed\r\nregfile with regedit :D\r\nthat way you will have the settings as they were in the registry before install.\r\n\r\nDamian666",
      "PostedDate": "2008-08-02T00:56:28.023-07:00",
      "Id": -2147483648
    },
    {
      "Message": "",
      "PostedDate": "2009-01-31T06:22:13.18-08:00",
      "Id": -2147483648
    },
    {
      "Message": "",
      "PostedDate": "2013-02-14T13:13:05.057-08:00",
      "Id": -2147483648
    },
    {
      "Message": "",
      "PostedDate": "2013-05-16T02:36:09.573-07:00",
      "Id": -2147483648
    }
  ]
}