{
  "WorkItem": {
    "AffectedComponent": {
      "Name": "",
      "DisplayName": ""
    },
    "ClosedComment": "This issue no-longer applies as Anolis uses environment variables like %programfiles% and %systemdir% for paths (and before anyone asks, it recognises x64 variables too).",
    "ClosedDate": "2008-12-07T17:02:27.18-08:00",
    "CommentCount": 0,
    "Custom": null,
    "Description": "Current versions of Vize and XPize.Net make use of a XML file as database for the files to patch. That XMl file, called FileList.xml has hardcoded paths to file, meaning that only if a \"Program Files\" folder is found, a file on that directory will be patched. That won't work on Spanish \"Archivos de Programa\" for example.\n \nImpact: High\n \nIF we are going to use the same method: In order to solve this we will need a method to auto-update FileList.xml using .Net \"Environment.GelFolderPath()\" method. Any other solutions welcomed.",
    "LastUpdatedDate": "2013-05-16T02:36:08.703-07:00",
    "PlannedForRelease": "",
    "ReleaseVisibleToPublic": false,
    "Priority": {
      "Name": "High",
      "Severity": 150,
      "Id": 3
    },
    "ProjectName": "anolis",
    "ReportedDate": "2008-07-29T01:46:45.197-07:00",
    "Status": {
      "Name": "Closed",
      "Id": 4
    },
    "ReasonClosed": {
      "Name": "Unassigned"
    },
    "Summary": "Fully multilingual patcher support",
    "Type": {
      "Name": "Issue",
      "Id": 3
    },
    "VoteCount": 1,
    "Id": 10810
  },
  "FileAttachments": [],
  "Comments": [
    {
      "Message": "well, i can help there man, with a seperate exe that will search for files, and enter the resulting path in the users local language... i knwo its maybe not very clean, but it will work flawlessly.\r\n\r\ndamian666",
      "PostedDate": "2008-08-01T07:52:39.47-07:00",
      "Id": -2147483648
    },
    {
      "Message": "",
      "PostedDate": "2008-08-01T19:06:15.46-07:00",
      "Id": -2147483648
    },
    {
      "Message": "",
      "PostedDate": "2008-12-07T17:02:27.18-08:00",
      "Id": -2147483648
    },
    {
      "Message": "",
      "PostedDate": "2013-02-14T13:13:03.467-08:00",
      "Id": -2147483648
    },
    {
      "Message": "",
      "PostedDate": "2013-05-16T02:36:08.703-07:00",
      "Id": -2147483648
    }
  ]
}