{
  "WorkItem": {
    "AffectedComponent": {
      "Name": "Resourcer",
      "DisplayName": "Resourcer"
    },
    "ClosedComment": "Fixed. I needed to add Application.DoEvents() so it pumps the messages that tell it it was cancelled successfully. Silly me.",
    "ClosedDate": "2009-05-02T19:22:24.013-07:00",
    "CommentCount": 0,
    "Custom": null,
    "Description": "I redid ResourceListView's population methods to make things consistent, simpler, and faster (by not re-adding ImageList items for resource types when they're identical, for example), however I appear to have screwed up the threading. If you try to open a new resource source after another it freezes: __bg.IsBusy returns true, even when the method has ended.",
    "LastUpdatedDate": "2013-05-16T02:36:05.86-07:00",
    "PlannedForRelease": "",
    "ReleaseVisibleToPublic": false,
    "Priority": {
      "Name": "High",
      "Severity": 150,
      "Id": 3
    },
    "ProjectName": "anolis",
    "ReportedDate": "2009-05-02T16:46:36.807-07:00",
    "Status": {
      "Name": "Closed",
      "Id": 4
    },
    "ReasonClosed": {
      "Name": "Unassigned"
    },
    "Summary": "ResourceListView - Threading issues again",
    "Type": {
      "Name": "Issue",
      "Id": 3
    },
    "VoteCount": 1,
    "Id": 13155
  },
  "FileAttachments": [],
  "Comments": []
}