[
  {
    "Id": 10724,
    "Title": "Support for the older code branch (manipulate the sourcecodes of XPize 4.7 & XIS in addition to .NET and put them all together)"
  },
  {
    "Id": 10725,
    "Title": "Project & Team organization, managment, and prioritizing"
  },
  {
    "Id": 10726,
    "Title": "Project Home and Communication"
  },
  {
    "Id": 10727,
    "Title": "XPize- XPx64 & XP SP3 support"
  },
  {
    "Id": 10728,
    "Title": "XPize & Vize: Find classical, 9x-esque resources"
  },
  {
    "Id": 10730,
    "Title": "XPize & Vize- Design new, high quality resources to replace the old ones"
  },
  {
    "Id": 10731,
    "Title": "XPize & Vize- Organize the code and make proper edits"
  },
  {
    "Id": 10771,
    "Title": "Shell32.dll reloader bug"
  },
  {
    "Id": 10780,
    "Title": "XPize: Uninstall fails to compeltely restore original settings; possible Vize issue too"
  },
  {
    "Id": 10782,
    "Title": "Vize: Compatibility issue with Stardock"
  },
  {
    "Id": 10783,
    "Title": "XPize: compatibility issue with PowerDVD"
  },
  {
    "Id": 10784,
    "Title": "mistake, pay no attention to this"
  },
  {
    "Id": 10785,
    "Title": "XPize: Visual Studio .NET 2003 compatibility"
  },
  {
    "Id": 10788,
    "Title": "XPize: compatibility with Explorer.exe files"
  },
  {
    "Id": 10793,
    "Title": "XPize: compatibility with Asian languages and shell32.dll (weighing more than 10MB)"
  },
  {
    "Id": 10794,
    "Title": "Vize: %ProgramFiles% or spaces bug"
  },
  {
    "Id": 10810,
    "Title": "Fully multilingual patcher support"
  },
  {
    "Id": 11013,
    "Title": "x-Website:: Requests, bugs, comments- Post them here !!"
  },
  {
    "Id": 11763,
    "Title": "Feature Request:: logonui.exe & .logonxp FileType support"
  },
  {
    "Id": 12352,
    "Title": "Cannot load 32-bit DLL in 64-bit process"
  },
  {
    "Id": 12353,
    "Title": "MUI resource being handled as bitmap"
  },
  {
    "Id": 12719,
    "Title": "Error when navigating Tree View too quickly"
  },
  {
    "Id": 12720,
    "Title": "ResourceEnumerator issues when loading a DLL file"
  },
  {
    "Id": 12738,
    "Title": "Image centering is buggy"
  },
  {
    "Id": 12746,
    "Title": "x64 Control may not support transparent background colors"
  },
  {
    "Id": 12749,
    "Title": "Worker thread does not stop if tree selection changes"
  },
  {
    "Id": 12750,
    "Title": "RawViewer.RenderResource creates lag with large arrays"
  },
  {
    "Id": 12759,
    "Title": "Rename Anolis.Gui, build \"blind mode\", and improve Icon resource handling"
  },
  {
    "Id": 12808,
    "Title": "Serious GDI+ Handle Leakage"
  },
  {
    "Id": 12810,
    "Title": "Tree view contents duplicated on save"
  },
  {
    "Id": 12811,
    "Title": "Use Finalizers"
  },
  {
    "Id": 12812,
    "Title": "'Back' button error: \"The file \"\" does not exist\""
  },
  {
    "Id": 12813,
    "Title": "Restart bug"
  },
  {
    "Id": 12871,
    "Title": "MSStyles editing at the level of Ave's Vista Style builder (a little side thing; improvement/ feature suggestion)"
  },
  {
    "Id": 12895,
    "Title": "Fix wizard scaling"
  },
  {
    "Id": 12908,
    "Title": "crash when changing size of toolbar icons"
  },
  {
    "Id": 12916,
    "Title": "Add RES/RC Support"
  },
  {
    "Id": 13155,
    "Title": "ResourceListView - Threading issues again"
  },
  {
    "Id": 13247,
    "Title": "Damage mitigation"
  },
  {
    "Id": 14151,
    "Title": "Issue when replacing bitmaps in explorer.exe (Win7 rtm x64)"
  },
  {
    "Id": 15965,
    "Title": "Version resource not handled properly"
  },
  {
    "Id": 18958,
    "Title": "Feature Request: Batch Import"
  },
  {
    "Id": 25758,
    "Title": "Download filename should contain \"anolis\""
  }
]