{
  "WorkItem": {
    "AffectedComponent": {
      "Name": "",
      "DisplayName": ""
    },
    "ClosedComment": "",
    "ClosedDate": "2009-03-05T14:25:00.73-08:00",
    "CommentCount": 0,
    "Custom": null,
    "Description": "Project Home and Communication\n \nStatus set to fixed: We have decided to work on the project with CodePlex and to continue (public) discussions on the forums. Private team conversations about the overhead of the project and organization will be continued on Instant Messengers & E-mail.\n \nfrom W3bbo-- \n-As for project home, I haven't had much of a good experience with Sourceforge lately (and connecting to their CVS can be a b***h at times). Might I recommend CodePlex or Google Code instead?\n-In the spirit of transparency and openness, stick to forums.",
    "LastUpdatedDate": "2013-05-16T02:36:10.783-07:00",
    "PlannedForRelease": "",
    "ReleaseVisibleToPublic": false,
    "Priority": {
      "Name": "Low",
      "Severity": 50,
      "Id": 1
    },
    "ProjectName": "anolis",
    "ReportedDate": "2008-07-22T10:05:59.13-07:00",
    "Status": {
      "Name": "Closed",
      "Id": 4
    },
    "ReasonClosed": {
      "Name": "Unassigned"
    },
    "Summary": "Project Home and Communication",
    "Type": {
      "Name": "Task",
      "Id": 2
    },
    "VoteCount": 1,
    "Id": 10726
  },
  "FileAttachments": [],
  "Comments": []
}