{
  "WorkItem": {
    "AffectedComponent": {
      "Name": "",
      "DisplayName": ""
    },
    "ClosedComment": "x64 and SP3 is now supported by Anolis (since 0.5)",
    "ClosedDate": "2009-01-31T06:27:01.63-08:00",
    "CommentCount": 0,
    "Custom": null,
    "Description": "XPize- XPx64 & XP SP3 support\n \nType set to feature: new platform support in addition to those already support is a feature\n \nImpact set to high: many users will eventually upgrade to XP Service Pack 3, and for those who want to skip Vista will probably go for XPx64 until Windows \"7\".\n \n \n \nfrom W3bbo-- \n-I'd also love to code in support for XP x64 and first-class support for XP SP3.\n-When/if I get the time, I'd love to port it over to Windows XP x64 (which I'll be migrating to in September) and add in proper x86 SP3 support.",
    "LastUpdatedDate": "2013-05-16T02:36:10.65-07:00",
    "PlannedForRelease": "",
    "ReleaseVisibleToPublic": false,
    "Priority": {
      "Name": "High",
      "Severity": 150,
      "Id": 3
    },
    "ProjectName": "anolis",
    "ReportedDate": "2008-07-22T10:11:40.02-07:00",
    "Status": {
      "Name": "Closed",
      "Id": 4
    },
    "ReasonClosed": {
      "Name": "Unassigned"
    },
    "Summary": "XPize- XPx64 & XP SP3 support",
    "Type": {
      "Name": "Feature",
      "Id": 1
    },
    "VoteCount": 1,
    "Id": 10727
  },
  "FileAttachments": [],
  "Comments": [
    {
      "Message": "well, i dont knwo about x64 support, which is very tricky without a good reshacker for x64 files, but i can help with the uxtheme of SP3, i made a patcher allready for it so :D\r\n\r\nand the rest of the files doesnt really need that much work to be made compliant with sp3, only minor changes are needed.\r\n\r\ndamian666",
      "PostedDate": "2008-08-02T01:07:52.04-07:00",
      "Id": -2147483648
    },
    {
      "Message": "ok, so my patcher is not working at the moment, mainly because i cant test it, no X64 here so...\r\nand i would love to see you make a reshacker capable of x64 files...\r\n\r\nDamian666",
      "PostedDate": "2008-09-18T07:35:45.537-07:00",
      "Id": -2147483648
    },
    {
      "Message": "",
      "PostedDate": "2009-01-31T06:27:01.63-08:00",
      "Id": -2147483648
    },
    {
      "Message": "",
      "PostedDate": "2013-02-14T13:13:05.887-08:00",
      "Id": -2147483648
    },
    {
      "Message": "",
      "PostedDate": "2013-05-16T02:36:10.65-07:00",
      "Id": -2147483648
    }
  ]
}