{
  "WorkItem": {
    "AffectedComponent": {
      "Name": "",
      "DisplayName": ""
    },
    "ClosedComment": "Mistake, hit enter button by accident (-_-)",
    "ClosedDate": "2008-07-26T10:50:21.277-07:00",
    "CommentCount": 0,
    "Custom": null,
    "Description": "Mistake, hit enter button by accident (-_-)",
    "LastUpdatedDate": "2013-05-16T02:36:09.287-07:00",
    "PlannedForRelease": "",
    "ReleaseVisibleToPublic": false,
    "Priority": {
      "Name": "Low",
      "Severity": 50,
      "Id": 1
    },
    "ProjectName": "anolis",
    "ReportedDate": "2008-07-26T10:46:38.823-07:00",
    "Status": {
      "Name": "Closed",
      "Id": 4
    },
    "ReasonClosed": {
      "Name": "Unassigned"
    },
    "Summary": "mistake, pay no attention to this",
    "Type": {
      "Name": "Issue",
      "Id": 3
    },
    "VoteCount": 1,
    "Id": 10784
  },
  "FileAttachments": [],
  "Comments": [
    {
      "Message": "Mistake, hit enter button by accident (-_-)\r\n\r\n** Closed by HappyDude 7/26/2008 10:48 AM",
      "PostedDate": "2008-07-26T10:48:46.167-07:00",
      "Id": -2147483648
    },
    {
      "Message": "",
      "PostedDate": "2008-07-26T10:48:46.573-07:00",
      "Id": -2147483648
    },
    {
      "Message": "",
      "PostedDate": "2008-07-26T10:49:15.51-07:00",
      "Id": -2147483648
    },
    {
      "Message": "Mistake, hit enter button by accident (-_-)\r\n\r\n** Closed by HappyDude 7/26/2008 10:49 AM",
      "PostedDate": "2008-07-26T10:49:41.183-07:00",
      "Id": -2147483648
    },
    {
      "Message": "",
      "PostedDate": "2008-07-26T10:49:41.603-07:00",
      "Id": -2147483648
    },
    {
      "Message": "",
      "PostedDate": "2008-07-26T10:50:14.98-07:00",
      "Id": -2147483648
    },
    {
      "Message": "",
      "PostedDate": "2008-07-26T10:50:21.277-07:00",
      "Id": -2147483648
    },
    {
      "Message": "",
      "PostedDate": "2013-02-14T13:13:04.473-08:00",
      "Id": -2147483648
    },
    {
      "Message": "",
      "PostedDate": "2013-05-16T02:36:09.287-07:00",
      "Id": -2147483648
    }
  ]
}