{
  "WorkItem": {
    "AffectedComponent": {
      "Name": "Core",
      "DisplayName": "Core"
    },
    "ClosedComment": "The problem was threefold:\n\na) Things weren't getting disposed properly. This has been solved by a minor code review.\nb) There were preemptive calls to CreateIconFromResourceEx whenever an IconCursorImageResourceData was created. I've corrected this by postponing the call until the .Icon (and consequently, the .Bitmap) property accessor is called. The downside is that you won't get errors about malformed IconCursor images until later, but that's a rarity.\nc) There were also preemptive calls to icon.ToBitmap() and other cases where Bitmaps were created and never used. This was fixed by delegating the creation to the .Image property accessor, which is now an abstract property (rather than a concrete auto-implemented property) of ImageResourceData\n\nThanks to Brendan Grant for the confirmation and resolution tips.",
    "ClosedDate": "2009-03-14T17:41:51.417-07:00",
    "CommentCount": 0,
    "Custom": null,
    "Description": "GDI+ handles, when created in the ImageResourceData subclasses, are not being disposed of properly.\n \nYou can mask the problem by making all ImageResourceData subclasses lazy-load GDI+ objects (as they do in the 32209 changeset) but that doesn't mean the capability for it to leak 9997 GDI+ handles before crashing won't happen again.\n \nWhilst I've properly implemented IDisposable where it counts, I'm not properly disposing objects. This will require a fairly extensive code review.",
    "LastUpdatedDate": "2013-05-16T02:36:07.243-07:00",
    "PlannedForRelease": "Anolis.Installer - 0.7 Beta",
    "ReleaseVisibleToPublic": false,
    "Priority": {
      "Name": "High",
      "Severity": 150,
      "Id": 3
    },
    "ProjectName": "anolis",
    "ReportedDate": "2009-03-13T18:10:01.033-07:00",
    "Status": {
      "Name": "Closed",
      "Id": 4
    },
    "ReasonClosed": {
      "Name": "Unassigned"
    },
    "Summary": "Serious GDI+ Handle Leakage",
    "Type": {
      "Name": "Issue",
      "Id": 3
    },
    "VoteCount": 1,
    "Id": 12808
  },
  "FileAttachments": [],
  "Comments": []
}