{
  "WorkItem": {
    "AffectedComponent": {
      "Name": "",
      "DisplayName": ""
    },
    "ClosedComment": "",
    "ClosedDate": null,
    "CommentCount": 0,
    "Custom": null,
    "Description": "XPize: compatibility issue with PowerDVD\n \nType set to Issue: Bug\n \nImpact set to Medium: Can be corrected by uninstalling msxml3.dll in addition to not installing it in the first place\n \nIssue found from current XPize.net page --> •\tPowerDVD: The file msxml3.dll is responsible of crashing it. Dont select for installation or uninstall it if you have it installed.",
    "LastUpdatedDate": "2013-02-14T13:13:04.72-08:00",
    "PlannedForRelease": "",
    "ReleaseVisibleToPublic": false,
    "Priority": {
      "Name": "Medium",
      "Severity": 100,
      "Id": 2
    },
    "ProjectName": "anolis",
    "ReportedDate": "2008-07-26T10:45:23.683-07:00",
    "Status": {
      "Name": "Proposed",
      "Id": 1
    },
    "ReasonClosed": {
      "Name": "Unassigned"
    },
    "Summary": "XPize: compatibility issue with PowerDVD",
    "Type": {
      "Name": "Issue",
      "Id": 3
    },
    "VoteCount": 1,
    "Id": 10783
  },
  "FileAttachments": [],
  "Comments": [
    {
      "Message": "We need to test these types of bugs regarding 3rd party apps using their latest versions to see if those bugs are still there.",
      "PostedDate": "2008-07-29T01:34:11.01-07:00",
      "Id": -2147483648
    },
    {
      "Message": "@XPero: How do you think we should go by this? Some of us (like me [-_-]) don't have these programs. However, for those of us that do, I guess we should use Virtualization. MS VirtualPC, VirtualBox, and VMware Player should serve us fine. Just make sure that you have the requirements to run it :) .",
      "PostedDate": "2008-08-01T07:30:03.783-07:00",
      "Id": -2147483648
    },
    {
      "Message": "",
      "PostedDate": "2013-02-14T13:13:04.72-08:00",
      "Id": -2147483648
    }
  ]
}