{
  "WorkItem": {
    "AffectedComponent": {
      "Name": "",
      "DisplayName": ""
    },
    "ClosedComment": "Seeming as everything necessary has now been rewritten from scratch there is zero logic to merging with the XIS codebase (which was really just a replacement for the Nullsoft scripts of the previous releases).",
    "ClosedDate": "2009-01-31T06:14:43.187-08:00",
    "CommentCount": 0,
    "Custom": null,
    "Description": "Support for the older code branch (manipulate the sourcecodes of XPize 4.7 & XIS in addition to .NET and put them all together).\n \nImpact set to medium: concerns how the code will turn out, and since I believe W3bbo is working with the latest .NET packs, we need to make sure we know hwo to incorporate the older packs.\n \nType is issue: not necessarily a feature unless we decide whether or not to do it.\n \n \n \nfrom ChrisKuhli-- - Want we support the older code branch (See sourcecode of the older XPize/ the XIS)?\n \nfrom W3bbo-- Well I'd like to combine everything XPize-related into a single project and installer. Right now I install 3.2 first then the 4.7 Beta so I get all the themes and stuff between them. The new installer should have everything in it and let users choose between variations on XPize (e.g. the MCE-styled blue one we've come to love or the black one, etc...), with previews, of course.",
    "LastUpdatedDate": "2013-05-16T02:36:11.057-07:00",
    "PlannedForRelease": "",
    "ReleaseVisibleToPublic": false,
    "Priority": {
      "Name": "Medium",
      "Severity": 100,
      "Id": 2
    },
    "ProjectName": "anolis",
    "ReportedDate": "2008-07-22T09:53:22.24-07:00",
    "Status": {
      "Name": "Closed",
      "Id": 4
    },
    "ReasonClosed": {
      "Name": "Unassigned"
    },
    "Summary": "Support for the older code branch (manipulate the sourcecodes of XPize 4.7 & XIS in addition to .NET and put them all together)",
    "Type": {
      "Name": "Issue",
      "Id": 3
    },
    "VoteCount": 1,
    "Id": 10724
  },
  "FileAttachments": [],
  "Comments": []
}