{
  "WorkItem": {
    "AffectedComponent": {
      "Name": "",
      "DisplayName": ""
    },
    "ClosedComment": "This is now fixed. It'll be in the next release of Resourcer,",
    "ClosedDate": "2009-04-10T12:42:30.48-07:00",
    "CommentCount": 0,
    "Custom": null,
    "Description": "See the end of this message for details on invoking \njust-in-time (JIT) debugging instead of this dialog box.\n \n************** Exception Text **************\nSystem.UnauthorizedAccessException: Access to the registry key 'HKEY_CLASSES_ROOT\\exefile' is denied.\n   at Microsoft.Win32.RegistryKey.Win32Error(Int32 errorCode, String str)\n   at Microsoft.Win32.RegistryKey.CreateSubKey(String subkey, RegistryKeyPermissionCheck permissionCheck, RegistrySecurity registrySecurity)\n   at Anolis.Resourcer.Settings.FileAssociationManager.AssociateWithFiles(String[] classes, Boolean isAssociated) in D:\\Users\\David\\My Documents\\Visual Studio Projects\\Anolis\\Anolis.Resourcer\\Settings\\FileAssociationManager.cs:line 71\n   at Anolis.Resourcer.Settings.Settings.AssociateWithFiles(Boolean isAssociated) in D:\\Users\\David\\My Documents\\Visual Studio Projects\\Anolis\\Anolis.Resourcer\\Settings\\Settings.cs:line 68\n   at Anolis.Resourcer.OptionsForm.__ok_Click(Object sender, EventArgs e) in D:\\Users\\David\\My Documents\\Visual Studio Projects\\Anolis\\Anolis.Resourcer\\Forms\\OptionsForm.cs:line 80\n   at System.Windows.Forms.Control.OnClick(EventArgs e)\n   at System.Windows.Forms.Button.OnMouseUp(MouseEventArgs mevent)\n   at System.Windows.Forms.Control.WmMouseUp(Message& m, MouseButtons button, Int32 clicks)\n   at System.Windows.Forms.Control.WndProc(Message& m)\n   at System.Windows.Forms.ButtonBase.WndProc(Message& m)\n   at System.Windows.Forms.Button.WndProc(Message& m)\n   at System.Windows.Forms.Control.ControlNativeWindow.WndProc(Message& m)\n   at System.Windows.Forms.NativeWindow.Callback(IntPtr hWnd, Int32 msg, IntPtr wparam, IntPtr lparam)\n \n \n************** Loaded Assemblies **************\nmscorlib\n    Assembly Version: 2.0.0.0\n    Win32 Version: 2.0.50727.4908 (NetFXspW7.050727-4900)\n    CodeBase: file:///C:/Windows/Microsoft.NET/Framework64/v2.0.50727/mscorlib.dll\n----------------------------------------\nAnolis.Resourcer.Merged\n    Assembly Version: 0.8.3363.34208\n    Win32 Version: 0.8.2.0\n    CodeBase: file:///C:/Users/Digerati/Desktop/Anolis.Resourcer.Merged.exe\n----------------------------------------\nSystem.Windows.Forms\n    Assembly Version: 2.0.0.0\n    Win32 Version: 2.0.50727.4908 (NetFXspW7.050727-4900)\n    CodeBase: file:///C:/Windows/assembly/GAC_MSIL/System.Windows.Forms/2.0.0.0__b77a5c561934e089/System.Windows.Forms.dll\n----------------------------------------\nSystem\n    Assembly Version: 2.0.0.0\n    Win32 Version: 2.0.50727.4908 (NetFXspW7.050727-4900)\n    CodeBase: file:///C:/Windows/assembly/GAC_MSIL/System/2.0.0.0__b77a5c561934e089/System.dll\n----------------------------------------\nSystem.Drawing\n    Assembly Version: 2.0.0.0\n    Win32 Version: 2.0.50727.4908 (NetFXspW7.050727-4900)\n    CodeBase: file:///C:/Windows/assembly/GAC_MSIL/System.Drawing/2.0.0.0__b03f5f7f11d50a3a/System.Drawing.dll\n----------------------------------------\nSystem.Configuration\n    Assembly Version: 2.0.0.0\n    Win32 Version: 2.0.50727.4908 (NetFXspW7.050727-4900)\n    CodeBase: file:///C:/Windows/assembly/GAC_MSIL/System.Configuration/2.0.0.0__b03f5f7f11d50a3a/System.Configuration.dll\n----------------------------------------\nSystem.Xml\n    Assembly Version: 2.0.0.0\n    Win32 Version: 2.0.50727.4908 (NetFXspW7.050727-4900)\n    CodeBase: file:///C:/Windows/assembly/GAC_MSIL/System.Xml/2.0.0.0__b77a5c561934e089/System.Xml.dll\n----------------------------------------\n \n************** JIT Debugging **************\nTo enable just-in-time (JIT) debugging, the .config file for this\napplication or computer (machine.config) must have the\njitDebugging value set in the system.windows.forms section.\nThe application must also be compiled with debugging\nenabled.\n \nFor example:\n \n<configuration>\n    <system.windows.forms jitDebugging=\"true\" />\n</configuration>\n \nWhen JIT debugging is enabled, any unhandled exception\nwill be sent to the JIT debugger registered on the computer\nrather than be handled by this dialog box.",
    "LastUpdatedDate": "2013-05-16T02:36:06.36-07:00",
    "PlannedForRelease": "",
    "ReleaseVisibleToPublic": false,
    "Priority": {
      "Name": "Low",
      "Severity": 50,
      "Id": 1
    },
    "ProjectName": "anolis",
    "ReportedDate": "2009-03-29T20:23:57.883-07:00",
    "Status": {
      "Name": "Closed",
      "Id": 4
    },
    "ReasonClosed": {
      "Name": "Unassigned"
    },
    "Summary": "crash when changing size of toolbar icons",
    "Type": {
      "Name": "Issue",
      "Id": 3
    },
    "VoteCount": 1,
    "Id": 12908
  },
  "FileAttachments": [],
  "Comments": [
    {
      "Message": "This crash isn't caused by changing the toolbar size, but actually when setting the file association.\r\n\r\nI forgot that on Vista you need administrative privileges to do this. I'll fix this in the next release.",
      "PostedDate": "2009-03-30T06:47:03.64-07:00",
      "Id": -2147483648
    },
    {
      "Message": "",
      "PostedDate": "2009-04-10T12:42:30.48-07:00",
      "Id": -2147483648
    },
    {
      "Message": "",
      "PostedDate": "2013-02-14T13:13:00.19-08:00",
      "Id": -2147483648
    },
    {
      "Message": "",
      "PostedDate": "2013-05-16T02:36:06.36-07:00",
      "Id": -2147483648
    }
  ]
}