{
  "WorkItem": {
    "AffectedComponent": {
      "Name": "",
      "DisplayName": ""
    },
    "ClosedComment": "This issue does not affect Anolis. Closed.",
    "ClosedDate": "2009-01-31T06:23:53.977-08:00",
    "CommentCount": 0,
    "Custom": null,
    "Description": "Shell32.dll reloader bug\n \nType set to Issue: An actual bug.\n \nImpact set to Low: Updated from Damian666's suggestion of solution || To correct, have to (re)run the Reloader; can become a hassel\n \nFrom MSFN http://www.msfn.org/board/Shell32dll-SP3-not-working-with-Xpize-4-t116188.html post:\n--laser21: I just updated my Win XP install with SP3 (slipstreamed) and Xpize updates all files, except shell32.dll, which is one of the most important. I tried both methods - change the install source, and installing Xpize in a running SP3.\nIt doesnt change it. Any help would be appreciated!\n----------Response from MCStarfighter: This is the old bug with the reloader. It shows you everytime that there was one patched file (the shell32.dll). But the file is patched already (and it will be patched everytime the Reloader runs). Ignore it or disable the autostart of the Reloader ...",
    "LastUpdatedDate": "2013-05-16T02:36:10.063-07:00",
    "PlannedForRelease": "",
    "ReleaseVisibleToPublic": false,
    "Priority": {
      "Name": "Low",
      "Severity": 50,
      "Id": 1
    },
    "ProjectName": "anolis",
    "ReportedDate": "2008-07-25T12:48:49.407-07:00",
    "Status": {
      "Name": "Closed",
      "Id": 4
    },
    "ReasonClosed": {
      "Name": "Unassigned"
    },
    "Summary": "Shell32.dll reloader bug",
    "Type": {
      "Name": "Issue",
      "Id": 3
    },
    "VoteCount": 1,
    "Id": 10771
  },
  "FileAttachments": [],
  "Comments": [
    {
      "Message": "in theory, you can set this to low, its just a mistake in the way it checks for filesize.\r\nwe find that, we fix it.\r\n\r\ni dont knwo if the new xpize still works with regentries taht keep the score on filesize, if it does...\r\nthe above is true, else...\r\n\r\nDamian666",
      "PostedDate": "2008-08-01T08:19:05.517-07:00",
      "Id": -2147483648
    },
    {
      "Message": "",
      "PostedDate": "2008-08-01T19:03:35.13-07:00",
      "Id": -2147483648
    },
    {
      "Message": "Update: Impact set to low; Damian666 proposed a solution",
      "PostedDate": "2008-08-01T19:03:56.257-07:00",
      "Id": -2147483648
    },
    {
      "Message": "",
      "PostedDate": "2008-08-01T19:04:13.147-07:00",
      "Id": -2147483648
    },
    {
      "Message": "",
      "PostedDate": "2009-01-31T06:23:53.977-08:00",
      "Id": -2147483648
    },
    {
      "Message": "",
      "PostedDate": "2013-02-14T13:13:05.22-08:00",
      "Id": -2147483648
    },
    {
      "Message": "",
      "PostedDate": "2013-05-16T02:36:10.063-07:00",
      "Id": -2147483648
    }
  ]
}