{
  "WorkItem": {
    "AffectedComponent": {
      "Name": "",
      "DisplayName": ""
    },
    "ClosedComment": "Seeming as the code was rewritten from scratch, this issue is now moot.",
    "ClosedDate": "2009-01-31T06:24:31.383-08:00",
    "CommentCount": 0,
    "Custom": null,
    "Description": "XPize & Vize- Organize the code and make proper edits\n \nType set to task: We need some people to work on the code, edit out redundancies, and organize it/ add to it.\n \nImpact set to high: This is what makes the program come all together. It is what makes XPize and Vize easy to use and friendly. That is what makes the program or breaks it (literally).\n \n \n \nfrom ChrisKuhli-- - Want we support the older code branch (See sourcecode of the older XPize/ the XIS)?\n \nfrom doomangel-- I've working in a project based on vize code for a month now and what i have done is some minor changes or additions to the codebase. i don't think the code needs improvement, if we could create a team our main goal should be to discover all the non vista or non xp icons and replace the resources.\n \nfrom W3bbo-- \n-I'd also love to code in support for XP x64 and first-class support for XP SP3. ;;;; When/if I get the time, I'd love to port it over to Windows XP x64 (which I'll be migrating to in September) and add in proper x86 SP3 support.\n-Well I'd like to combine everything XPize-related into a single project and installer. Right now I install 3.2 first then the 4.7 Beta so I get all the themes and stuff between them. The new installer should have everything in it and let users choose between variations on XPize (e.g. the MCE-styled blue one we've come to love or the black one, etc...), with previews, of course.\n-A lot of the content in each archive is duplicated. I'll sort through it later today to remove the cruft and form a single project. I'll then consult XPero on the general architecture (he's on my messenger list), before uploading it all to CodePlex. We can then collaborate with a TFS client (there's one for VS Express, so don't worry if you don't have the full thing).\n \nfrom Innocent Devil-- I personally prefer the new .NET code of XPize/Vize (though I dunno C#, any way)\nit is simple for the *User* to do th *THING* ;; sombody knows C# should take care of the coding department",
    "LastUpdatedDate": "2013-05-16T02:36:10.2-07:00",
    "PlannedForRelease": "",
    "ReleaseVisibleToPublic": false,
    "Priority": {
      "Name": "High",
      "Severity": 150,
      "Id": 3
    },
    "ProjectName": "anolis",
    "ReportedDate": "2008-07-22T11:00:56.583-07:00",
    "Status": {
      "Name": "Closed",
      "Id": 4
    },
    "ReasonClosed": {
      "Name": "Unassigned"
    },
    "Summary": "XPize & Vize- Organize the code and make proper edits",
    "Type": {
      "Name": "Task",
      "Id": 2
    },
    "VoteCount": 1,
    "Id": 10731
  },
  "FileAttachments": [],
  "Comments": [
    {
      "Message": "well, personally... i hate c or c+.\r\nbut thats whats it is written in  so... to bad its not autoit, that i know :D\r\n\r\ndo we even have anybody in the team that knows c? except XPero ofcourse.\r\n\r\ndamian666",
      "PostedDate": "2008-08-02T01:05:23.133-07:00",
      "Id": -2147483648
    },
    {
      "Message": "",
      "PostedDate": "2009-01-31T06:24:31.383-08:00",
      "Id": -2147483648
    },
    {
      "Message": "",
      "PostedDate": "2013-02-14T13:13:05.387-08:00",
      "Id": -2147483648
    },
    {
      "Message": "",
      "PostedDate": "2013-05-16T02:36:10.2-07:00",
      "Id": -2147483648
    }
  ]
}