{
  "WorkItem": {
    "AffectedComponent": {
      "Name": "Installer",
      "DisplayName": "Installer"
    },
    "ClosedComment": "I've revamped the W3b.Wizards library and Aero Wizards are now more presentable on Vista. In short, everything looks good.",
    "ClosedDate": "2009-04-16T17:47:55.657-07:00",
    "CommentCount": 0,
    "Custom": null,
    "Description": "There are issues relating to scaling on Windows Vista (and later) with font size and DPI settings. I've fixed the font scaling by changing all the references to AutoScaleMode.Font to AutoScaleMode.Dpi, but it still looks really bad when using a non-default DPI setting. I'll need to get Sven involved.",
    "LastUpdatedDate": "2013-05-16T02:36:06.5-07:00",
    "PlannedForRelease": "Anolis.Installer - 0.7.1",
    "ReleaseVisibleToPublic": false,
    "Priority": {
      "Name": "Low",
      "Severity": 50,
      "Id": 1
    },
    "ProjectName": "anolis",
    "ReportedDate": "2009-03-27T19:54:27.44-07:00",
    "Status": {
      "Name": "Closed",
      "Id": 4
    },
    "ReasonClosed": {
      "Name": "Unassigned"
    },
    "Summary": "Fix wizard scaling",
    "Type": {
      "Name": "Issue",
      "Id": 3
    },
    "VoteCount": 1,
    "Id": 12895
  },
  "FileAttachments": [],
  "Comments": []
}