[
  {
    "Id": "0",
    "Name": "Resourcer 0.9",
    "DevelopmentStatus": "Beta",
    "Description": "-------------------------------------------------------\nAnolis.Resourcer - 0.9.0 Beta, released 2009-09-01\n-------------------------------------------------------\n* Resourcer changes\n\t* Added a menubar for those seeking Reshacker-like UI (you can disable either the menubar or the toolbar, or have both enabled at the same time)\n\t\tNote the menubar does not expose any new functionality that isn't already (directly or indirectly) accessible via the Toolbar (except for Help Contents)\n\t\t* You can hide either the menubar or the toolbar, but not both\n\t\t* A context menu on the toolbar lets you choose icon size and allows you to hide or show the toolbar or menubar\n\t* Thumbnails for bitmaps now maintain aspect ratio (rather than stretching to fill). Bitmaps smaller than the thumbnail area are now centred, rather than upscaled\n\t* Added a Help file, access it via Help > Help Topics\n\t* If a resource name only has one lang then its tree view node will not be expanded unless explicitly expanded\n\t* Various improvements to the Batch Export form\n* Library changes\n\t* Fixed an issue with editing resources in Windows Vista (and later) where files with RC Config entries (listed as \"MUI\" resource types) could not be modified, even though the operation completed successfully\n\t\tThe solution has been implemented as a workaround. A more purer solution exists, but would require implementing our own PE/COFF format reader, which is too much trouble\n\t* Fixed a major issue where icon directories lacking bit-depth information would be applied to a resource source without that information\n\t\tBit-depths are now obtained from the DIB information if they're missing\n\t\tNOTE: PNG format subimage data is always assumed to be 32bpp\n\t* You can now choose to replace icons by replacing the subimages rather than merging them. Click the \"Edit Factory Options...\" button on the Replace Resource Form for more details.",
    "ReleasedDatge": "0001-01-01T00:00:00",
    "ModifiedDate": "2009-09-01T14:51:30.767-07:00",
    "Files": [
      {
        "Id": "69c6e9d4-07aa-414b-9a5d-4a22572423d9",
        "FileName": "2009-09-01.zip",
        "Url": "./0/69c6e9d4-07aa-414b-9a5d-4a22572423d9",
        "Type": "Application",
        "UploadDate": "2009-09-01T14:51:30.627-07:00"
      }
    ]
  }
]